seed,robots,tasks,method,network_cost_exchange_ms,network_actionable_decision_ms,network_global_agreement_ms,reference_hungarian_compute_ms,message_count,payload_bytes
0,10,5,ideal_full_information,0.0,0.0,0.0,0.049083,0,0
0,10,5,leader_hungarian,62.091158,82.17550299999999,82.17550299999999,0.049083,10,560
0,10,5,full_view_hungarian,531.535123,531.535123,531.535123,0.049083,10,560
0,10,5,democracy_hungarian,531.535123,558.395481,576.696769,0.049083,60,2140
1,10,5,ideal_full_information,0.0,0.0,0.0,0.019166,0,0
1,10,5,leader_hungarian,32.128774,48.045857999999996,48.045857999999996,0.019166,10,560
1,10,5,full_view_hungarian,159.419021,159.419021,159.419021,0.019166,10,560
1,10,5,democracy_hungarian,159.419021,186.597354,248.391709,0.019166,60,2140
2,10,5,ideal_full_information,0.0,0.0,0.0,0.012375,0,0
2,10,5,leader_hungarian,68.751445,97.90268400000001,97.90268400000001,0.012375,10,560
2,10,5,full_view_hungarian,36.466277,36.466277,36.466277,0.012375,10,560
2,10,5,democracy_hungarian,36.466277,55.608898999999994,90.946065,0.012375,60,2140
3,10,5,ideal_full_information,0.0,0.0,0.0,0.010583,0,0
3,10,5,leader_hungarian,62.091158,77.278043,77.278043,0.010583,10,560
3,10,5,full_view_hungarian,61.794355,61.794355,61.794355,0.010583,10,560
3,10,5,democracy_hungarian,61.794355,87.611597,105.77320200000001,0.010583,60,2140
4,10,5,ideal_full_information,0.0,0.0,0.0,0.011125,0,0
4,10,5,leader_hungarian,62.091158,81.23378,81.23378,0.011125,10,560
4,10,5,full_view_hungarian,36.035297,36.035297,36.035297,0.011125,10,560
4,10,5,democracy_hungarian,36.035297,57.01665,104.894195,0.011125,60,2140
5,10,5,ideal_full_information,0.0,0.0,0.0,0.010333,0,0
5,10,5,leader_hungarian,47.059184,96.76263800000001,96.76263800000001,0.010333,10,560
5,10,5,full_view_hungarian,36.996754,36.996754,36.996754,0.010333,10,560
5,10,5,democracy_hungarian,36.996754,67.425872,95.404309,0.010333,60,2140
6,10,5,ideal_full_information,0.0,0.0,0.0,0.021125,0,0
6,10,5,leader_hungarian,38.270595,44.535302,44.535302,0.021125,10,560
6,10,5,full_view_hungarian,68.751445,68.751445,68.751445,0.021125,10,560
6,10,5,democracy_hungarian,68.751445,93.398459,137.52944000000002,0.021125,60,2140
7,10,5,ideal_full_information,0.0,0.0,0.0,0.012,0,0
7,10,5,leader_hungarian,68.454115,83.615494,83.615494,0.012,10,560
7,10,5,full_view_hungarian,159.419021,159.419021,159.419021,0.012,10,560
7,10,5,democracy_hungarian,159.419021,186.597354,242.32696499999997,0.012,60,2140
8,10,5,ideal_full_information,0.0,0.0,0.0,0.010125,0,0
8,10,5,leader_hungarian,68.454115,85.993116,85.993116,0.010125,10,560
8,10,5,full_view_hungarian,110.208977,110.208977,110.208977,0.010125,10,560
8,10,5,democracy_hungarian,110.208977,136.526355,162.343597,0.010125,60,2140
9,10,5,ideal_full_information,0.0,0.0,0.0,0.010083,0,0
9,10,5,leader_hungarian,110.208977,145.180034,145.180034,0.010083,10,560
9,10,5,full_view_hungarian,159.419021,159.419021,159.419021,0.010083,10,560
9,10,5,democracy_hungarian,159.419021,186.597354,219.236151,0.010083,60,2140
10,10,5,ideal_full_information,0.0,0.0,0.0,0.009333,0,0
10,10,5,leader_hungarian,38.270595,54.474801,54.474801,0.009333,10,560
10,10,5,full_view_hungarian,61.794355,61.794355,61.794355,0.009333,10,560
10,10,5,democracy_hungarian,61.794355,89.878394,111.340383,0.009333,60,2140
11,10,5,ideal_full_information,0.0,0.0,0.0,0.00975,0,0
11,10,5,leader_hungarian,531.535123,599.989238,599.989238,0.00975,10,560
11,10,5,full_view_hungarian,36.035297,36.035297,36.035297,0.00975,10,560
11,10,5,democracy_hungarian,36.035297,59.892685,73.188485,0.00975,60,2140
12,10,5,ideal_full_information,0.0,0.0,0.0,0.009166,0,0
12,10,5,leader_hungarian,45.245879,94.949333,94.949333,0.009166,10,560
12,10,5,full_view_hungarian,45.245879,45.245879,45.245879,0.009166,10,560
12,10,5,democracy_hungarian,45.245879,65.436429,91.313753,0.009166,60,2140
13,10,5,ideal_full_information,0.0,0.0,0.0,0.009083,0,0
13,10,5,leader_hungarian,45.245879,62.834034,62.834034,0.009083,10,560
13,10,5,full_view_hungarian,110.208977,110.208977,110.208977,0.009083,10,560
13,10,5,democracy_hungarian,110.208977,136.40694100000002,180.78207300000003,0.009083,60,2140
14,10,5,ideal_full_information,0.0,0.0,0.0,0.008625,0,0
14,10,5,leader_hungarian,54.239091,71.550253,71.550253,0.008625,10,560
14,10,5,full_view_hungarian,110.208977,110.208977,110.208977,0.008625,10,560
14,10,5,democracy_hungarian,110.208977,135.266197,237.956955,0.008625,60,2140
15,10,5,ideal_full_information,0.0,0.0,0.0,0.008333,0,0
15,10,5,leader_hungarian,110.208977,127.69201100000001,127.69201100000001,0.008333,10,560
15,10,5,full_view_hungarian,25.648038,25.648038,25.648038,0.008333,10,560
15,10,5,democracy_hungarian,25.648038,45.649135,72.338257,0.008333,60,2140
16,10,5,ideal_full_information,0.0,0.0,0.0,0.008709,0,0
16,10,5,leader_hungarian,46.848856,76.319749,76.319749,0.008709,10,560
16,10,5,full_view_hungarian,48.674884,48.674884,48.674884,0.008709,10,560
16,10,5,democracy_hungarian,48.674884,83.645941,118.567777,0.008709,60,2140
17,10,5,ideal_full_information,0.0,0.0,0.0,0.009083,0,0
17,10,5,leader_hungarian,62.091158,89.005183,89.005183,0.009083,10,560
17,10,5,full_view_hungarian,61.794355,61.794355,61.794355,0.009083,10,560
17,10,5,democracy_hungarian,61.794355,86.03706600000001,112.763405,0.009083,60,2140
18,10,5,ideal_full_information,0.0,0.0,0.0,0.008875,0,0
18,10,5,leader_hungarian,531.535123,557.733087,557.733087,0.008875,10,560
18,10,5,full_view_hungarian,68.751445,68.751445,68.751445,0.008875,10,560
18,10,5,democracy_hungarian,68.751445,96.83548400000001,114.46083000000002,0.008875,60,2140
19,10,5,ideal_full_information,0.0,0.0,0.0,0.0085,0,0
19,10,5,leader_hungarian,62.091158,91.50673,91.50673,0.0085,10,560
19,10,5,full_view_hungarian,68.454115,68.454115,68.454115,0.0085,10,560
19,10,5,democracy_hungarian,68.454115,95.314473,130.484589,0.0085,60,2140
20,10,5,ideal_full_information,0.0,0.0,0.0,0.008583,0,0
20,10,5,leader_hungarian,68.751445,86.23447900000001,86.23447900000001,0.008583,10,560
20,10,5,full_view_hungarian,64.149866,64.149866,64.149866,0.008583,10,560
20,10,5,democracy_hungarian,64.149866,112.82475,189.344086,0.008583,60,2140
21,10,5,ideal_full_information,0.0,0.0,0.0,0.008292,0,0
21,10,5,leader_hungarian,36.035297,90.274388,90.274388,0.008292,10,560
21,10,5,full_view_hungarian,531.535123,531.535123,531.535123,0.008292,10,560
21,10,5,democracy_hungarian,531.535123,558.395481,585.143899,0.008292,60,2140
22,10,5,ideal_full_information,0.0,0.0,0.0,0.008958,0,0
22,10,5,leader_hungarian,518.880988,553.240131,553.240131,0.008958,10,560
22,10,5,full_view_hungarian,110.208977,110.208977,110.208977,0.008958,10,560
22,10,5,democracy_hungarian,110.208977,136.95739500000002,183.80625100000003,0.008958,60,2140
23,10,5,ideal_full_information,0.0,0.0,0.0,0.009,0,0
23,10,5,leader_hungarian,531.535123,559.619162,559.619162,0.009,10,560
23,10,5,full_view_hungarian,44.375132,44.375132,44.375132,0.009,10,560
23,10,5,democracy_hungarian,44.375132,79.545248,96.94079199999999,0.009,60,2140
24,10,5,ideal_full_information,0.0,0.0,0.0,0.008708,0,0
24,10,5,leader_hungarian,61.794355,90.185553,90.185553,0.008708,10,560
24,10,5,full_view_hungarian,33.188687,33.188687,33.188687,0.008708,10,560
24,10,5,democracy_hungarian,33.188687,51.533533000000006,71.283406,0.008708,60,2140
25,10,5,ideal_full_information,0.0,0.0,0.0,0.008708,0,0
25,10,5,leader_hungarian,68.751445,82.823521,82.823521,0.008708,10,560
25,10,5,full_view_hungarian,49.703454,49.703454,49.703454,0.008708,10,560
25,10,5,democracy_hungarian,49.703454,69.70455100000001,104.06369400000001,0.008708,60,2140
26,10,5,ideal_full_information,0.0,0.0,0.0,0.009583,0,0
26,10,5,leader_hungarian,518.880988,536.913263,536.913263,0.009583,10,560
26,10,5,full_view_hungarian,110.208977,110.208977,110.208977,0.009583,10,560
26,10,5,democracy_hungarian,110.208977,136.40694100000002,180.78207300000003,0.009583,60,2140
27,10,5,ideal_full_information,0.0,0.0,0.0,0.009292,0,0
27,10,5,leader_hungarian,30.429118,47.140416,47.140416,0.009292,10,560
27,10,5,full_view_hungarian,68.751445,68.751445,68.751445,0.009292,10,560
27,10,5,democracy_hungarian,68.751445,88.941995,113.809762,0.009292,60,2140
28,10,5,ideal_full_information,0.0,0.0,0.0,0.009458,0,0
28,10,5,leader_hungarian,28.578443,72.953575,72.953575,0.009458,10,560
28,10,5,full_view_hungarian,531.535123,531.535123,531.535123,0.009458,10,560
28,10,5,democracy_hungarian,531.535123,557.733087,1071.5297,0.009458,60,2140
29,10,5,ideal_full_information,0.0,0.0,0.0,0.009209,0,0
29,10,5,leader_hungarian,32.128774,42.997505000000004,42.997505000000004,0.009209,10,560
29,10,5,full_view_hungarian,68.454115,68.454115,68.454115,0.009209,10,560
29,10,5,democracy_hungarian,68.454115,94.102153,118.749167,0.009209,60,2140
30,10,5,ideal_full_information,0.0,0.0,0.0,0.009625,0,0
30,10,5,leader_hungarian,68.751445,87.052733,87.052733,0.009625,10,560
30,10,5,full_view_hungarian,62.091158,62.091158,62.091158,0.009625,10,560
30,10,5,democracy_hungarian,62.091158,83.204747,602.085735,0.009625,60,2140
31,10,5,ideal_full_information,0.0,0.0,0.0,0.016458,0,0
31,10,5,leader_hungarian,110.208977,119.86268000000001,119.86268000000001,0.016458,10,560
31,10,5,full_view_hungarian,26.317378,26.317378,26.317378,0.016458,10,560
31,10,5,democracy_hungarian,26.317378,47.430967,74.527238,0.016458,60,2140
32,10,5,ideal_full_information,0.0,0.0,0.0,0.0115,0,0
32,10,5,leader_hungarian,35.170116,44.293546,44.293546,0.0115,10,560
32,10,5,full_view_hungarian,28.578443,28.578443,28.578443,0.0115,10,560
32,10,5,democracy_hungarian,28.578443,54.998064,84.468957,0.0115,60,2140
33,10,5,ideal_full_information,0.0,0.0,0.0,0.009584,0,0
33,10,5,leader_hungarian,33.188687,53.273032,53.273032,0.009584,10,560
33,10,5,full_view_hungarian,33.188687,33.188687,33.188687,0.009584,10,560
33,10,5,democracy_hungarian,33.188687,59.937105,87.114312,0.009584,60,2140
34,10,5,ideal_full_information,0.0,0.0,0.0,0.009417,0,0
34,10,5,leader_hungarian,54.239091,72.40049,72.40049,0.009417,10,560
34,10,5,full_view_hungarian,38.270595,38.270595,38.270595,0.009417,10,560
34,10,5,democracy_hungarian,38.270595,66.46848,113.527664,0.009417,60,2140
35,10,5,ideal_full_information,0.0,0.0,0.0,0.019625,0,0
35,10,5,leader_hungarian,36.996754,71.355897,71.355897,0.019625,10,560
35,10,5,full_view_hungarian,518.880988,518.880988,518.880988,0.019625,10,560
35,10,5,democracy_hungarian,518.880988,548.032227,573.0894470000001,0.019625,60,2140
36,10,5,ideal_full_information,0.0,0.0,0.0,0.02275,0,0
36,10,5,leader_hungarian,61.794355,85.810693,85.810693,0.02275,10,560
36,10,5,full_view_hungarian,33.188687,33.188687,33.188687,0.02275,10,560
36,10,5,democracy_hungarian,33.188687,57.431398,113.44124400000001,0.02275,60,2140
37,10,5,ideal_full_information,0.0,0.0,0.0,0.012542,0,0
37,10,5,leader_hungarian,48.674884,64.190663,64.190663,0.012542,10,560
37,10,5,full_view_hungarian,531.535123,531.535123,531.535123,0.012542,10,560
37,10,5,democracy_hungarian,531.535123,557.183161,577.267506,0.012542,60,2140
38,10,5,ideal_full_information,0.0,0.0,0.0,0.010667,0,0
38,10,5,leader_hungarian,68.751445,85.048486,85.048486,0.010667,10,560
38,10,5,full_view_hungarian,64.149866,64.149866,64.149866,0.010667,10,560
38,10,5,democracy_hungarian,64.149866,89.967108,127.74059100000001,0.010667,60,2140
39,10,5,ideal_full_information,0.0,0.0,0.0,0.009709,0,0
39,10,5,leader_hungarian,27.178333,35.185311999999996,35.185311999999996,0.009709,10,560
39,10,5,full_view_hungarian,64.149866,64.149866,64.149866,0.009709,10,560
39,10,5,democracy_hungarian,64.149866,88.16620400000001,152.31607000000002,0.009709,60,2140
40,10,5,ideal_full_information,0.0,0.0,0.0,0.009625,0,0
40,10,5,leader_hungarian,35.170116,79.545248,79.545248,0.009625,10,560
40,10,5,full_view_hungarian,159.419021,159.419021,159.419021,0.009625,10,560
40,10,5,democracy_hungarian,159.419021,193.50939899999997,228.68123799999998,0.009625,60,2140
41,10,5,ideal_full_information,0.0,0.0,0.0,0.009584,0,0
41,10,5,leader_hungarian,36.035297,72.501574,72.501574,0.009584,10,560
41,10,5,full_view_hungarian,531.535123,531.535123,531.535123,0.009584,10,560
41,10,5,democracy_hungarian,531.535123,563.392877,607.768009,0.009584,60,2140
42,10,5,ideal_full_information,0.0,0.0,0.0,0.009208,0,0
42,10,5,leader_hungarian,33.188687,65.046441,65.046441,0.009208,10,560
42,10,5,full_view_hungarian,54.239091,54.239091,54.239091,0.009208,10,560
42,10,5,democracy_hungarian,54.239091,80.056333,180.652274,0.009208,60,2140
43,10,5,ideal_full_information,0.0,0.0,0.0,0.009042,0,0
43,10,5,leader_hungarian,49.703454,96.55231,96.55231,0.009042,10,560
43,10,5,full_view_hungarian,36.466277,36.466277,36.466277,0.009042,10,560
43,10,5,democracy_hungarian,36.466277,63.576516999999996,95.434271,0.009042,60,2140
44,10,5,ideal_full_information,0.0,0.0,0.0,0.009041,0,0
44,10,5,leader_hungarian,68.751445,87.894067,87.894067,0.009041,10,560
44,10,5,full_view_hungarian,38.270595,38.270595,38.270595,0.009041,10,560
44,10,5,democracy_hungarian,38.270595,63.327815,78.64129299999999,0.009041,60,2140
45,10,5,ideal_full_information,0.0,0.0,0.0,0.008792,0,0
45,10,5,leader_hungarian,64.149866,101.14662000000001,101.14662000000001,0.008792,10,560
45,10,5,full_view_hungarian,29.415572,29.415572,29.415572,0.008792,10,560
45,10,5,democracy_hungarian,29.415572,73.790704,605.325827,0.008792,60,2140
46,10,5,ideal_full_information,0.0,0.0,0.0,0.008958,0,0
46,10,5,leader_hungarian,68.454115,86.615514,86.615514,0.008958,10,560
46,10,5,full_view_hungarian,64.149866,64.149866,64.149866,0.008958,10,560
46,10,5,democracy_hungarian,64.149866,89.967108,129.343568,0.008958,60,2140
47,10,5,ideal_full_information,0.0,0.0,0.0,0.008959,0,0
47,10,5,leader_hungarian,68.751445,83.28922,83.28922,0.008959,10,560
47,10,5,full_view_hungarian,54.239091,54.239091,54.239091,0.008959,10,560
47,10,5,democracy_hungarian,54.239091,80.437055,100.40990000000001,0.008959,60,2140
48,10,5,ideal_full_information,0.0,0.0,0.0,0.008625,0,0
48,10,5,leader_hungarian,110.208977,139.67987,139.67987,0.008625,10,560
48,10,5,full_view_hungarian,49.703454,49.703454,49.703454,0.008625,10,560
48,10,5,democracy_hungarian,49.703454,69.70455100000001,102.094872,0.008625,60,2140
49,10,5,ideal_full_information,0.0,0.0,0.0,0.008542,0,0
49,10,5,leader_hungarian,62.091158,88.839576,88.839576,0.008542,10,560
49,10,5,full_view_hungarian,159.419021,159.419021,159.419021,0.008542,10,560
49,10,5,democracy_hungarian,159.419021,178.56164299999998,288.77062,0.008542,60,2140
50,10,5,ideal_full_information,0.0,0.0,0.0,0.009167,0,0
50,10,5,leader_hungarian,61.794355,123.58871,123.58871,0.009167,10,560
50,10,5,full_view_hungarian,47.059184,47.059184,47.059184,0.009167,10,560
50,10,5,democracy_hungarian,47.059184,66.201806,100.236759,0.009167,60,2140
51,10,5,ideal_full_information,0.0,0.0,0.0,0.009042,0,0
51,10,5,leader_hungarian,54.239091,118.388957,118.388957,0.009042,10,560
51,10,5,full_view_hungarian,531.535123,531.535123,531.535123,0.009042,10,560
51,10,5,democracy_hungarian,531.535123,558.449148,579.8496260000001,0.009042,60,2140
52,10,5,ideal_full_information,0.0,0.0,0.0,0.009209,0,0
52,10,5,leader_hungarian,49.703454,78.281897,78.281897,0.009209,10,560
52,10,5,full_view_hungarian,47.059184,47.059184,47.059184,0.009209,10,560
52,10,5,democracy_hungarian,47.059184,73.257148,118.503027,0.009209,60,2140
53,10,5,ideal_full_information,0.0,0.0,0.0,0.00825,0,0
53,10,5,leader_hungarian,68.751445,84.955651,84.955651,0.00825,10,560
53,10,5,full_view_hungarian,61.794355,61.794355,61.794355,0.00825,10,560
53,10,5,democracy_hungarian,61.794355,82.080708,596.191122,0.00825,60,2140
54,10,5,ideal_full_information,0.0,0.0,0.0,0.009,0,0
54,10,5,leader_hungarian,47.059184,68.45966200000001,68.45966200000001,0.009,10,560
54,10,5,full_view_hungarian,64.149866,64.149866,64.149866,0.009,10,560
54,10,5,democracy_hungarian,64.149866,88.904595,124.928157,0.009,60,2140
55,10,5,ideal_full_information,0.0,0.0,0.0,0.00875,0,0
55,10,5,leader_hungarian,61.794355,72.271421,72.271421,0.00875,10,560
55,10,5,full_view_hungarian,38.270595,38.270595,38.270595,0.00875,10,560
55,10,5,democracy_hungarian,38.270595,62.127983,83.109336,0.00875,60,2140
56,10,5,ideal_full_information,0.0,0.0,0.0,0.008667,0,0
56,10,5,leader_hungarian,518.880988,529.932776,529.932776,0.008667,10,560
56,10,5,full_view_hungarian,31.857754,31.857754,31.857754,0.008667,10,560
56,10,5,democracy_hungarian,31.857754,57.505792,94.775363,0.008667,60,2140
57,10,5,ideal_full_information,0.0,0.0,0.0,0.008792,0,0
57,10,5,leader_hungarian,68.454115,93.511335,93.511335,0.008792,10,560
57,10,5,full_view_hungarian,68.454115,68.454115,68.454115,0.008792,10,560
57,10,5,democracy_hungarian,68.454115,94.271357,123.769232,0.008792,60,2140
58,10,5,ideal_full_information,0.0,0.0,0.0,0.008666,0,0
58,10,5,leader_hungarian,54.239091,122.990536,122.990536,0.008666,10,560
58,10,5,full_view_hungarian,36.996754,36.996754,36.996754,0.008666,10,560
58,10,5,democracy_hungarian,36.996754,62.053974000000004,164.21894700000001,0.008666,60,2140
59,10,5,ideal_full_information,0.0,0.0,0.0,0.008375,0,0
59,10,5,leader_hungarian,518.880988,531.851641,531.851641,0.008375,10,560
59,10,5,full_view_hungarian,531.535123,531.535123,531.535123,0.008375,10,560
59,10,5,democracy_hungarian,531.535123,557.183161,706.871228,0.008375,60,2140
60,10,5,ideal_full_information,0.0,0.0,0.0,0.008458,0,0
60,10,5,leader_hungarian,518.880988,546.059321,546.059321,0.008458,10,560
60,10,5,full_view_hungarian,54.239091,54.239091,54.239091,0.008458,10,560
60,10,5,democracy_hungarian,54.239091,81.099449,601.429244,0.008458,60,2140
61,10,5,ideal_full_information,0.0,0.0,0.0,0.008417,0,0
61,10,5,leader_hungarian,61.794355,77.8348,77.8348,0.008417,10,560
61,10,5,full_view_hungarian,28.578443,28.578443,28.578443,0.008417,10,560
61,10,5,democracy_hungarian,28.578443,57.957499999999996,81.142361,0.008417,60,2140
62,10,5,ideal_full_information,0.0,0.0,0.0,0.008334,0,0
62,10,5,leader_hungarian,518.880988,530.287516,530.287516,0.008334,10,560
62,10,5,full_view_hungarian,45.245879,45.245879,45.245879,0.008334,10,560
62,10,5,democracy_hungarian,45.245879,73.584615,120.295603,0.008334,60,2140
63,10,5,ideal_full_information,0.0,0.0,0.0,0.008208,0,0
63,10,5,leader_hungarian,68.454115,95.314473,95.314473,0.008208,10,560
63,10,5,full_view_hungarian,34.090378,34.090378,34.090378,0.008208,10,560
63,10,5,democracy_hungarian,34.090378,60.640179,80.888973,0.008208,60,2140
64,10,5,ideal_full_information,0.0,0.0,0.0,0.016333,0,0
64,10,5,leader_hungarian,159.419021,180.81949899999998,180.81949899999998,0.016333,10,560
64,10,5,full_view_hungarian,531.535123,531.535123,531.535123,0.016333,10,560
64,10,5,democracy_hungarian,531.535123,560.91418,579.744983,0.016333,60,2140
65,10,5,ideal_full_information,0.0,0.0,0.0,0.010583,0,0
65,10,5,leader_hungarian,68.751445,85.877656,85.877656,0.010583,10,560
65,10,5,full_view_hungarian,36.035297,36.035297,36.035297,0.010583,10,560
65,10,5,democracy_hungarian,36.035297,60.051635000000005,213.04247299999997,0.010583,60,2140
66,10,5,ideal_full_information,0.0,0.0,0.0,0.010042,0,0
66,10,5,leader_hungarian,110.208977,123.870622,123.870622,0.010042,10,560
66,10,5,full_view_hungarian,62.091158,62.091158,62.091158,0.010042,10,560
66,10,5,democracy_hungarian,62.091158,87.14837800000001,105.02685600000001,0.010042,60,2140
67,10,5,ideal_full_information,0.0,0.0,0.0,0.009333,0,0
67,10,5,leader_hungarian,54.239091,116.033446,116.033446,0.009333,10,560
67,10,5,full_view_hungarian,531.535123,531.535123,531.535123,0.009333,10,560
67,10,5,democracy_hungarian,531.535123,561.964241,607.21012,0.009333,60,2140
68,10,5,ideal_full_information,0.0,0.0,0.0,0.009083,0,0
68,10,5,leader_hungarian,36.035297,56.036394,56.036394,0.009083,10,560
68,10,5,full_view_hungarian,26.860358,26.860358,26.860358,0.009083,10,560
68,10,5,democracy_hungarian,26.860358,53.608776000000006,89.62629799999999,0.009083,60,2140
69,10,5,ideal_full_information,0.0,0.0,0.0,0.008666,0,0
69,10,5,leader_hungarian,531.535123,551.821476,551.821476,0.008666,10,560
69,10,5,full_view_hungarian,62.091158,62.091158,62.091158,0.008666,10,560
69,10,5,democracy_hungarian,62.091158,86.73817199999999,110.68634800000001,0.008666,60,2140
70,10,5,ideal_full_information,0.0,0.0,0.0,0.009292,0,0
70,10,5,leader_hungarian,61.794355,76.955734,76.955734,0.009292,10,560
70,10,5,full_view_hungarian,518.880988,518.880988,518.880988,0.009292,10,560
70,10,5,democracy_hungarian,518.880988,545.078952,571.2769159999999,0.009292,60,2140
71,10,5,ideal_full_information,0.0,0.0,0.0,0.008667,0,0
71,10,5,leader_hungarian,34.359143,63.51038200000001,63.51038200000001,0.008667,10,560
71,10,5,full_view_hungarian,518.880988,518.880988,518.880988,0.008667,10,560
71,10,5,democracy_hungarian,518.880988,547.459431,597.0273559999999,0.008667,60,2140
72,10,5,ideal_full_information,0.0,0.0,0.0,0.00875,0,0
72,10,5,leader_hungarian,518.880988,533.866231,533.866231,0.00875,10,560
72,10,5,full_view_hungarian,531.535123,531.535123,531.535123,0.00875,10,560
72,10,5,democracy_hungarian,531.535123,557.352365,604.075502,0.00875,60,2140
73,10,5,ideal_full_information,0.0,0.0,0.0,0.0085,0,0
73,10,5,leader_hungarian,61.794355,71.32333200000001,71.32333200000001,0.0085,10,560
73,10,5,full_view_hungarian,28.084039,28.084039,28.084039,0.0085,10,560
73,10,5,democracy_hungarian,28.084039,63.398059,579.620259,0.0085,60,2140
74,10,5,ideal_full_information,0.0,0.0,0.0,0.017791,0,0
74,10,5,leader_hungarian,68.751445,84.79189,84.79189,0.017791,10,560
74,10,5,full_view_hungarian,36.466277,36.466277,36.466277,0.017791,10,560
74,10,5,democracy_hungarian,36.466277,62.783654999999996,87.026366,0.017791,60,2140
75,10,5,ideal_full_information,0.0,0.0,0.0,0.0085,0,0
75,10,5,leader_hungarian,64.149866,75.403626,75.403626,0.0085,10,560
75,10,5,full_view_hungarian,35.170116,35.170116,35.170116,0.0085,10,560
75,10,5,democracy_hungarian,35.170116,59.027504,111.60022599999999,0.0085,60,2140
76,10,5,ideal_full_information,0.0,0.0,0.0,0.008292,0,0
76,10,5,leader_hungarian,49.703454,68.004742,68.004742,0.008292,10,560
76,10,5,full_view_hungarian,30.429118,30.429118,30.429118,0.008292,10,560
76,10,5,democracy_hungarian,30.429118,56.627082,92.801208,0.008292,60,2140
77,10,5,ideal_full_information,0.0,0.0,0.0,0.008167,0,0
77,10,5,leader_hungarian,46.848856,80.037543,80.037543,0.008167,10,560
77,10,5,full_view_hungarian,62.091158,62.091158,62.091158,0.008167,10,560
77,10,5,democracy_hungarian,62.091158,81.23378,145.383646,0.008167,60,2140
78,10,5,ideal_full_information,0.0,0.0,0.0,0.008542,0,0
78,10,5,leader_hungarian,68.454115,77.200732,77.200732,0.008542,10,560
78,10,5,full_view_hungarian,110.208977,110.208977,110.208977,0.008542,10,560
78,10,5,democracy_hungarian,110.208977,137.123002,163.320966,0.008542,60,2140
79,10,5,ideal_full_information,0.0,0.0,0.0,0.008875,0,0
79,10,5,leader_hungarian,64.149866,583.030854,583.030854,0.008875,10,560
79,10,5,full_view_hungarian,110.208977,110.208977,110.208977,0.008875,10,560
79,10,5,democracy_hungarian,110.208977,134.225315,169.196372,0.008875,60,2140
80,10,5,ideal_full_information,0.0,0.0,0.0,0.008542,0,0
80,10,5,leader_hungarian,45.245879,61.286324,61.286324,0.008542,10,560
80,10,5,full_view_hungarian,62.091158,62.091158,62.091158,0.008542,10,560
80,10,5,democracy_hungarian,62.091158,83.204747,112.355986,0.008542,60,2140
81,10,5,ideal_full_information,0.0,0.0,0.0,0.008333,0,0
81,10,5,leader_hungarian,31.857754,46.395528999999996,46.395528999999996,0.008333,10,560
81,10,5,full_view_hungarian,34.090378,34.090378,34.090378,0.008333,10,560
81,10,5,democracy_hungarian,34.090378,58.106716000000006,84.642095,0.008333,60,2140
82,10,5,ideal_full_information,0.0,0.0,0.0,0.008208,0,0
82,10,5,leader_hungarian,26.197964,52.747765,52.747765,0.008208,10,560
82,10,5,full_view_hungarian,531.535123,531.535123,531.535123,0.008208,10,560
82,10,5,democracy_hungarian,531.535123,557.733087,663.144578,0.008208,60,2140
83,10,5,ideal_full_information,0.0,0.0,0.0,0.008417,0,0
83,10,5,leader_hungarian,64.149866,81.6329,81.6329,0.008417,10,560
83,10,5,full_view_hungarian,54.239091,54.239091,54.239091,0.008417,10,560
83,10,5,democracy_hungarian,54.239091,83.654663,138.506315,0.008417,60,2140
84,10,5,ideal_full_information,0.0,0.0,0.0,0.01175,0,0
84,10,5,leader_hungarian,531.535123,547.739329,547.739329,0.01175,10,560
84,10,5,full_view_hungarian,38.270595,38.270595,38.270595,0.01175,10,560
84,10,5,democracy_hungarian,38.270595,66.46848,101.7825,0.01175,60,2140
85,10,5,ideal_full_information,0.0,0.0,0.0,0.008333,0,0
85,10,5,leader_hungarian,531.535123,551.619468,551.619468,0.008333,10,560
85,10,5,full_view_hungarian,34.090378,34.090378,34.090378,0.008333,10,560
85,10,5,democracy_hungarian,34.090378,69.404398,116.18263300000001,0.008333,60,2140
86,10,5,ideal_full_information,0.0,0.0,0.0,0.008917,0,0
86,10,5,leader_hungarian,61.794355,98.791109,98.791109,0.008917,10,560
86,10,5,full_view_hungarian,518.880988,518.880988,518.880988,0.008917,10,560
86,10,5,democracy_hungarian,518.880988,542.738376,583.4232059999999,0.008917,60,2140
87,10,5,ideal_full_information,0.0,0.0,0.0,0.008458,0,0
87,10,5,leader_hungarian,518.880988,545.741346,545.741346,0.008458,10,560
87,10,5,full_view_hungarian,64.149866,64.149866,64.149866,0.008458,10,560
87,10,5,democracy_hungarian,64.149866,85.550344,154.004459,0.008458,60,2140
88,10,5,ideal_full_information,0.0,0.0,0.0,0.00875,0,0
88,10,5,leader_hungarian,110.208977,120.16338900000001,120.16338900000001,0.00875,10,560
88,10,5,full_view_hungarian,48.674884,48.674884,48.674884,0.00875,10,560
88,10,5,democracy_hungarian,48.674884,75.423302,102.17172000000001,0.00875,60,2140
89,10,5,ideal_full_information,0.0,0.0,0.0,0.008709,0,0
89,10,5,leader_hungarian,29.470893,46.597104,46.597104,0.008709,10,560
89,10,5,full_view_hungarian,531.535123,531.535123,531.535123,0.008709,10,560
89,10,5,democracy_hungarian,531.535123,555.777834,591.813131,0.008709,60,2140
90,10,5,ideal_full_information,0.0,0.0,0.0,0.008458,0,0
90,10,5,leader_hungarian,29.470893,65.93717,65.93717,0.008458,10,560
90,10,5,full_view_hungarian,159.419021,159.419021,159.419021,0.008458,10,560
90,10,5,democracy_hungarian,159.419021,179.50336599999997,221.922907,0.008458,60,2140
91,10,5,ideal_full_information,0.0,0.0,0.0,0.008375,0,0
91,10,5,leader_hungarian,28.391198,48.392295000000004,48.392295000000004,0.008375,10,560
91,10,5,full_view_hungarian,159.419021,159.419021,159.419021,0.008375,10,560
91,10,5,democracy_hungarian,159.419021,186.529261,211.586481,0.008375,60,2140
92,10,5,ideal_full_information,0.0,0.0,0.0,0.008625,0,0
92,10,5,leader_hungarian,68.454115,85.937149,85.937149,0.008625,10,560
92,10,5,full_view_hungarian,48.674884,48.674884,48.674884,0.008625,10,560
92,10,5,democracy_hungarian,48.674884,75.588909,598.371406,0.008625,60,2140
93,10,5,ideal_full_information,0.0,0.0,0.0,0.008792,0,0
93,10,5,leader_hungarian,49.703454,76.617479,76.617479,0.008792,10,560
93,10,5,full_view_hungarian,518.880988,518.880988,518.880988,0.008792,10,560
93,10,5,democracy_hungarian,518.880988,543.938208,572.022247,0.008792,60,2140
94,10,5,ideal_full_information,0.0,0.0,0.0,0.008583,0,0
94,10,5,leader_hungarian,49.703454,84.87357,84.87357,0.008583,10,560
94,10,5,full_view_hungarian,68.751445,68.751445,68.751445,0.008583,10,560
94,10,5,democracy_hungarian,68.751445,95.06882300000001,157.465399,0.008583,60,2140
95,10,5,ideal_full_information,0.0,0.0,0.0,0.008959,0,0
95,10,5,leader_hungarian,45.245879,55.200291,55.200291,0.008959,10,560
95,10,5,full_view_hungarian,68.751445,68.751445,68.751445,0.008959,10,560
95,10,5,democracy_hungarian,68.751445,103.722502,121.07076900000001,0.008959,60,2140
96,10,5,ideal_full_information,0.0,0.0,0.0,0.008458,0,0
96,10,5,leader_hungarian,64.149866,84.340416,84.340416,0.008458,10,560
96,10,5,full_view_hungarian,110.208977,110.208977,110.208977,0.008458,10,560
96,10,5,democracy_hungarian,110.208977,136.95739500000002,154.54555000000002,0.008458,60,2140
97,10,5,ideal_full_information,0.0,0.0,0.0,0.008709,0,0
97,10,5,leader_hungarian,62.091158,80.62324100000001,80.62324100000001,0.008709,10,560
97,10,5,full_view_hungarian,48.674884,48.674884,48.674884,0.008709,10,560
97,10,5,democracy_hungarian,48.674884,73.321898,113.539717,0.008709,60,2140
98,10,5,ideal_full_information,0.0,0.0,0.0,0.008667,0,0
98,10,5,leader_hungarian,64.149866,99.120923,99.120923,0.008667,10,560
98,10,5,full_view_hungarian,46.848856,46.848856,46.848856,0.008667,10,560
98,10,5,democracy_hungarian,46.848856,68.249334,587.130322,0.008667,60,2140
99,10,5,ideal_full_information,0.0,0.0,0.0,0.008708,0,0
99,10,5,leader_hungarian,518.880988,529.358054,529.358054,0.008708,10,560
99,10,5,full_view_hungarian,36.466277,36.466277,36.466277,0.008708,10,560
99,10,5,democracy_hungarian,36.466277,61.113291,106.35917,0.008708,60,2140
0,25,10,ideal_full_information,0.0,0.0,0.0,0.029875,0,0
0,25,10,leader_hungarian,159.419021,179.50336599999997,179.50336599999997,0.029875,25,2400
0,25,10,full_view_hungarian,531.535123,531.535123,531.535123,0.029875,25,2400
0,25,10,democracy_hungarian,531.535123,558.449148,711.1446940000001,0.029875,275,10360
1,25,10,ideal_full_information,0.0,0.0,0.0,0.0295,0,0
1,25,10,leader_hungarian,518.880988,534.798072,534.798072,0.0295,25,2400
1,25,10,full_view_hungarian,159.419021,159.419021,159.419021,0.0295,25,2400
1,25,10,democracy_hungarian,159.419021,187.50305999999998,297.712037,0.0295,275,10360
2,25,10,ideal_full_information,0.0,0.0,0.0,0.024416,0,0
2,25,10,leader_hungarian,110.208977,139.360216,139.360216,0.024416,25,2400
2,25,10,full_view_hungarian,46.848856,46.848856,46.848856,0.024416,25,2400
2,25,10,democracy_hungarian,46.848856,73.959096,175.58991600000002,0.024416,275,10360
3,25,10,ideal_full_information,0.0,0.0,0.0,0.024333,0,0
3,25,10,leader_hungarian,68.454115,83.641,83.641,0.024333,25,2400
3,25,10,full_view_hungarian,61.794355,61.794355,61.794355,0.024333,25,2400
3,25,10,democracy_hungarian,61.794355,90.185553,117.37137600000001,0.024333,275,10360
4,25,10,ideal_full_information,0.0,0.0,0.0,0.023208,0,0
4,25,10,leader_hungarian,518.880988,538.02361,538.02361,0.023208,25,2400
4,25,10,full_view_hungarian,531.535123,531.535123,531.535123,0.023208,25,2400
4,25,10,democracy_hungarian,531.535123,557.733087,1083.154591,0.023208,275,10360
5,25,10,ideal_full_information,0.0,0.0,0.0,0.028333,0,0
5,25,10,leader_hungarian,531.535123,581.238577,581.238577,0.028333,25,2400
5,25,10,full_view_hungarian,110.208977,110.208977,110.208977,0.028333,25,2400
5,25,10,democracy_hungarian,110.208977,136.95739500000002,189.611297,0.028333,275,10360
6,25,10,ideal_full_information,0.0,0.0,0.0,0.023458,0,0
6,25,10,leader_hungarian,518.880988,525.145695,525.145695,0.023458,25,2400
6,25,10,full_view_hungarian,68.751445,68.751445,68.751445,0.023458,25,2400
6,25,10,democracy_hungarian,68.751445,93.808665,138.645449,0.023458,275,10360
7,25,10,ideal_full_information,0.0,0.0,0.0,0.022958,0,0
7,25,10,leader_hungarian,68.454115,83.615494,83.615494,0.022958,25,2400
7,25,10,full_view_hungarian,159.419021,159.419021,159.419021,0.022958,25,2400
7,25,10,democracy_hungarian,159.419021,185.616985,251.730524,0.022958,275,10360
8,25,10,ideal_full_information,0.0,0.0,0.0,0.022542,0,0
8,25,10,leader_hungarian,68.454115,85.993116,85.993116,0.022542,25,2400
8,25,10,full_view_hungarian,531.535123,531.535123,531.535123,0.022542,25,2400
8,25,10,democracy_hungarian,531.535123,557.352365,1069.210399,0.022542,275,10360
9,25,10,ideal_full_information,0.0,0.0,0.0,0.022166,0,0
9,25,10,leader_hungarian,110.208977,145.180034,145.180034,0.022166,25,2400
9,25,10,full_view_hungarian,518.880988,518.880988,518.880988,0.022166,25,2400
9,25,10,democracy_hungarian,518.880988,539.167341,570.823087,0.022166,275,10360
10,25,10,ideal_full_information,0.0,0.0,0.0,0.021541,0,0
10,25,10,leader_hungarian,159.419021,175.62322699999999,175.62322699999999,0.021541,25,2400
10,25,10,full_view_hungarian,110.208977,110.208977,110.208977,0.021541,25,2400
10,25,10,democracy_hungarian,110.208977,135.266197,286.754209,0.021541,275,10360
11,25,10,ideal_full_information,0.0,0.0,0.0,0.023708,0,0
11,25,10,leader_hungarian,531.535123,599.989238,599.989238,0.023708,25,2400
11,25,10,full_view_hungarian,64.149866,64.149866,64.149866,0.023708,25,2400
11,25,10,democracy_hungarian,64.149866,89.207086,113.74515600000001,0.023708,275,10360
12,25,10,ideal_full_information,0.0,0.0,0.0,0.023584,0,0
12,25,10,leader_hungarian,518.880988,568.584442,568.584442,0.023584,25,2400
12,25,10,full_view_hungarian,518.880988,518.880988,518.880988,0.023584,25,2400
12,25,10,democracy_hungarian,518.880988,542.738376,572.496296,0.023584,275,10360
13,25,10,ideal_full_information,0.0,0.0,0.0,0.02525,0,0
13,25,10,leader_hungarian,518.880988,536.469143,536.469143,0.02525,25,2400
13,25,10,full_view_hungarian,110.208977,110.208977,110.208977,0.02525,25,2400
13,25,10,democracy_hungarian,110.208977,136.758778,244.434292,0.02525,275,10360
14,25,10,ideal_full_information,0.0,0.0,0.0,0.0225,0,0
14,25,10,leader_hungarian,518.880988,536.19215,536.19215,0.0225,25,2400
14,25,10,full_view_hungarian,531.535123,531.535123,531.535123,0.0225,25,2400
14,25,10,democracy_hungarian,531.535123,557.733087,596.416254,0.0225,275,10360
15,25,10,ideal_full_information,0.0,0.0,0.0,0.030542,0,0
15,25,10,leader_hungarian,110.208977,127.69201100000001,127.69201100000001,0.030542,25,2400
15,25,10,full_view_hungarian,68.454115,68.454115,68.454115,0.030542,25,2400
15,25,10,democracy_hungarian,68.454115,94.102153,612.983141,0.030542,275,10360
16,25,10,ideal_full_information,0.0,0.0,0.0,0.021875,0,0
16,25,10,leader_hungarian,46.848856,76.319749,76.319749,0.021875,25,2400
16,25,10,full_view_hungarian,49.703454,49.703454,49.703454,0.021875,25,2400
16,25,10,democracy_hungarian,49.703454,74.760674,586.88573,0.021875,275,10360
17,25,10,ideal_full_information,0.0,0.0,0.0,0.022542,0,0
17,25,10,leader_hungarian,68.454115,95.36814,95.36814,0.022542,25,2400
17,25,10,full_view_hungarian,518.880988,518.880988,518.880988,0.022542,25,2400
17,25,10,democracy_hungarian,518.880988,538.882085,698.3011059999999,0.022542,275,10360
18,25,10,ideal_full_information,0.0,0.0,0.0,0.022542,0,0
18,25,10,leader_hungarian,531.535123,557.733087,557.733087,0.022542,25,2400
18,25,10,full_view_hungarian,68.751445,68.751445,68.751445,0.022542,25,2400
18,25,10,democracy_hungarian,68.751445,94.399483,138.539918,0.022542,275,10360
19,25,10,ideal_full_information,0.0,0.0,0.0,0.023,0,0
19,25,10,leader_hungarian,62.091158,91.50673,91.50673,0.023,25,2400
19,25,10,full_view_hungarian,68.454115,68.454115,68.454115,0.023,25,2400
19,25,10,democracy_hungarian,68.454115,95.632448,243.913581,0.023,275,10360
20,25,10,ideal_full_information,0.0,0.0,0.0,0.022875,0,0
20,25,10,leader_hungarian,68.751445,86.23447900000001,86.23447900000001,0.022875,25,2400
20,25,10,full_view_hungarian,64.149866,64.149866,64.149866,0.022875,25,2400
20,25,10,democracy_hungarian,64.149866,88.16620400000001,242.36317499999998,0.022875,275,10360
21,25,10,ideal_full_information,0.0,0.0,0.0,0.022583,0,0
21,25,10,leader_hungarian,159.419021,213.658112,213.658112,0.022583,25,2400
21,25,10,full_view_hungarian,531.535123,531.535123,531.535123,0.022583,25,2400
21,25,10,democracy_hungarian,531.535123,555.551461,585.2431750000001,0.022583,275,10360
22,25,10,ideal_full_information,0.0,0.0,0.0,0.022791,0,0
22,25,10,leader_hungarian,518.880988,553.240131,553.240131,0.022791,25,2400
22,25,10,full_view_hungarian,110.208977,110.208977,110.208977,0.022791,25,2400
22,25,10,democracy_hungarian,110.208977,134.85599100000002,198.949445,0.022791,275,10360
23,25,10,ideal_full_information,0.0,0.0,0.0,0.022792,0,0
23,25,10,leader_hungarian,531.535123,559.619162,559.619162,0.022792,25,2400
23,25,10,full_view_hungarian,62.091158,62.091158,62.091158,0.022792,25,2400
23,25,10,democracy_hungarian,62.091158,87.14837800000001,125.067426,0.022792,275,10360
24,25,10,ideal_full_information,0.0,0.0,0.0,0.023083,0,0
24,25,10,leader_hungarian,62.091158,90.482356,90.482356,0.023083,25,2400
24,25,10,full_view_hungarian,159.419021,159.419021,159.419021,0.023083,25,2400
24,25,10,democracy_hungarian,159.419021,179.420118,208.85895699999998,0.023083,275,10360
25,25,10,ideal_full_information,0.0,0.0,0.0,0.022916,0,0
25,25,10,leader_hungarian,68.751445,82.823521,82.823521,0.022916,25,2400
25,25,10,full_view_hungarian,54.239091,54.239091,54.239091,0.022916,25,2400
25,25,10,democracy_hungarian,54.239091,79.296311,590.603113,0.022916,275,10360
26,25,10,ideal_full_information,0.0,0.0,0.0,0.022459,0,0
26,25,10,leader_hungarian,518.880988,536.913263,536.913263,0.022459,25,2400
26,25,10,full_view_hungarian,110.208977,110.208977,110.208977,0.022459,25,2400
26,25,10,democracy_hungarian,110.208977,130.17148600000002,192.660131,0.022459,275,10360
27,25,10,ideal_full_information,0.0,0.0,0.0,0.034916,0,0
27,25,10,leader_hungarian,45.245879,61.957177,61.957177,0.034916,25,2400
27,25,10,full_view_hungarian,68.751445,68.751445,68.751445,0.034916,25,2400
27,25,10,democracy_hungarian,68.751445,89.86503400000001,123.05372100000001,0.034916,275,10360
28,25,10,ideal_full_information,0.0,0.0,0.0,0.022625,0,0
28,25,10,leader_hungarian,54.239091,98.61422300000001,98.61422300000001,0.022625,25,2400
28,25,10,full_view_hungarian,531.535123,531.535123,531.535123,0.022625,25,2400
28,25,10,democracy_hungarian,531.535123,555.392511,1080.32567,0.022625,275,10360
29,25,10,ideal_full_information,0.0,0.0,0.0,0.023,0,0
29,25,10,leader_hungarian,159.419021,170.28775199999998,170.28775199999998,0.023,25,2400
29,25,10,full_view_hungarian,68.454115,68.454115,68.454115,0.023,25,2400
29,25,10,democracy_hungarian,68.454115,96.538154,160.68802,0.023,275,10360
30,25,10,ideal_full_information,0.0,0.0,0.0,0.022541,0,0
30,25,10,leader_hungarian,68.751445,87.052733,87.052733,0.022541,25,2400
30,25,10,full_view_hungarian,62.091158,62.091158,62.091158,0.022541,25,2400
30,25,10,democracy_hungarian,62.091158,86.107496,127.89225300000001,0.022541,275,10360
31,25,10,ideal_full_information,0.0,0.0,0.0,0.022416,0,0
31,25,10,leader_hungarian,518.880988,528.534691,528.534691,0.022416,25,2400
31,25,10,full_view_hungarian,68.454115,68.454115,68.454115,0.022416,25,2400
31,25,10,democracy_hungarian,68.454115,94.271357,122.735043,0.022416,275,10360
32,25,10,ideal_full_information,0.0,0.0,0.0,0.022125,0,0
32,25,10,leader_hungarian,62.091158,71.214588,71.214588,0.022125,25,2400
32,25,10,full_view_hungarian,62.091158,62.091158,62.091158,0.022125,25,2400
32,25,10,democracy_hungarian,62.091158,82.092255,123.477789,0.022125,275,10360
33,25,10,ideal_full_information,0.0,0.0,0.0,0.022458,0,0
33,25,10,leader_hungarian,531.535123,551.619468,551.619468,0.022458,25,2400
33,25,10,full_view_hungarian,64.149866,64.149866,64.149866,0.022458,25,2400
33,25,10,democracy_hungarian,64.149866,89.797904,600.619009,0.022458,275,10360
34,25,10,ideal_full_information,0.0,0.0,0.0,0.022666,0,0
34,25,10,leader_hungarian,54.239091,72.40049,72.40049,0.022666,25,2400
34,25,10,full_view_hungarian,45.245879,45.245879,45.245879,0.022666,25,2400
34,25,10,democracy_hungarian,45.245879,65.532232,133.784339,0.022666,275,10360
35,25,10,ideal_full_information,0.0,0.0,0.0,0.022458,0,0
35,25,10,leader_hungarian,36.996754,71.355897,71.355897,0.022458,25,2400
35,25,10,full_view_hungarian,531.535123,531.535123,531.535123,0.022458,25,2400
35,25,10,democracy_hungarian,531.535123,558.395481,622.545347,0.022458,275,10360
36,25,10,ideal_full_information,0.0,0.0,0.0,0.022166,0,0
36,25,10,leader_hungarian,61.794355,85.810693,85.810693,0.022166,25,2400
36,25,10,full_view_hungarian,531.535123,531.535123,531.535123,0.022166,25,2400
36,25,10,democracy_hungarian,531.535123,557.852501,609.246562,0.022166,275,10360
37,25,10,ideal_full_information,0.0,0.0,0.0,0.024416,0,0
37,25,10,leader_hungarian,49.703454,65.219233,65.219233,0.024416,25,2400
37,25,10,full_view_hungarian,531.535123,531.535123,531.535123,0.024416,25,2400
37,25,10,democracy_hungarian,531.535123,555.551461,582.751712,0.024416,275,10360
38,25,10,ideal_full_information,0.0,0.0,0.0,0.028417,0,0
38,25,10,leader_hungarian,68.751445,85.048486,85.048486,0.028417,25,2400
38,25,10,full_view_hungarian,531.535123,531.535123,531.535123,0.028417,25,2400
38,25,10,democracy_hungarian,531.535123,557.352365,590.54601,0.028417,275,10360
39,25,10,ideal_full_information,0.0,0.0,0.0,0.02325,0,0
39,25,10,leader_hungarian,159.419021,167.426,167.426,0.02325,25,2400
39,25,10,full_view_hungarian,64.149866,64.149866,64.149866,0.02325,25,2400
39,25,10,democracy_hungarian,64.149866,89.207086,130.796223,0.02325,275,10360
40,25,10,ideal_full_information,0.0,0.0,0.0,0.023042,0,0
40,25,10,leader_hungarian,62.091158,106.46629,106.46629,0.023042,25,2400
40,25,10,full_view_hungarian,159.419021,159.419021,159.419021,0.023042,25,2400
40,25,10,democracy_hungarian,159.419021,185.06705899999997,716.602182,0.023042,275,10360
41,25,10,ideal_full_information,0.0,0.0,0.0,0.022334,0,0
41,25,10,leader_hungarian,46.848856,83.315133,83.315133,0.022334,25,2400
41,25,10,full_view_hungarian,531.535123,531.535123,531.535123,0.022334,25,2400
41,25,10,democracy_hungarian,531.535123,555.777834,578.453181,0.022334,275,10360
42,25,10,ideal_full_information,0.0,0.0,0.0,0.022,0,0
42,25,10,leader_hungarian,518.880988,550.738742,550.738742,0.022,25,2400
42,25,10,full_view_hungarian,54.239091,54.239091,54.239091,0.022,25,2400
42,25,10,democracy_hungarian,54.239091,80.987509,102.55359399999999,0.022,275,10360
43,25,10,ideal_full_information,0.0,0.0,0.0,0.0235,0,0
43,25,10,leader_hungarian,68.454115,115.302971,115.302971,0.0235,25,2400
43,25,10,full_view_hungarian,47.059184,47.059184,47.059184,0.0235,25,2400
43,25,10,democracy_hungarian,47.059184,71.075522,103.04060700000001,0.0235,275,10360
44,25,10,ideal_full_information,0.0,0.0,0.0,0.022959,0,0
44,25,10,leader_hungarian,68.751445,87.894067,87.894067,0.022959,25,2400
44,25,10,full_view_hungarian,62.091158,62.091158,62.091158,0.022959,25,2400
44,25,10,democracy_hungarian,62.091158,82.17550299999999,109.808018,0.022959,275,10360
45,25,10,ideal_full_information,0.0,0.0,0.0,0.023375,0,0
45,25,10,leader_hungarian,64.149866,101.14662000000001,101.14662000000001,0.023375,25,2400
45,25,10,full_view_hungarian,29.415572,29.415572,29.415572,0.023375,25,2400
45,25,10,democracy_hungarian,29.415572,50.529161,80.68696800000001,0.023375,275,10360
46,25,10,ideal_full_information,0.0,0.0,0.0,0.022459,0,0
46,25,10,leader_hungarian,68.751445,86.912844,86.912844,0.022459,25,2400
46,25,10,full_view_hungarian,64.149866,64.149866,64.149866,0.022459,25,2400
46,25,10,democracy_hungarian,64.149866,89.207086,117.653006,0.022459,275,10360
47,25,10,ideal_full_information,0.0,0.0,0.0,0.023625,0,0
47,25,10,leader_hungarian,68.751445,83.28922,83.28922,0.023625,25,2400
47,25,10,full_view_hungarian,110.208977,110.208977,110.208977,0.023625,25,2400
47,25,10,democracy_hungarian,110.208977,131.19033000000002,163.319104,0.023625,275,10360
48,25,10,ideal_full_information,0.0,0.0,0.0,0.022542,0,0
48,25,10,leader_hungarian,110.208977,139.67987,139.67987,0.022542,25,2400
48,25,10,full_view_hungarian,531.535123,531.535123,531.535123,0.022542,25,2400
48,25,10,democracy_hungarian,531.535123,551.619468,596.182462,0.022542,275,10360
49,25,10,ideal_full_information,0.0,0.0,0.0,0.023292,0,0
49,25,10,leader_hungarian,531.535123,558.283541,558.283541,0.023292,25,2400
49,25,10,full_view_hungarian,159.419021,159.419021,159.419021,0.023292,25,2400
49,25,10,democracy_hungarian,159.419021,180.81949899999998,245.481628,0.023292,275,10360
50,25,10,ideal_full_information,0.0,0.0,0.0,0.024875,0,0
50,25,10,leader_hungarian,61.794355,123.58871,123.58871,0.024875,25,2400
50,25,10,full_view_hungarian,49.703454,49.703454,49.703454,0.024875,25,2400
50,25,10,democracy_hungarian,49.703454,73.94616500000001,229.084984,0.024875,275,10360
51,25,10,ideal_full_information,0.0,0.0,0.0,0.022833,0,0
51,25,10,leader_hungarian,531.535123,595.684989,595.684989,0.022833,25,2400
51,25,10,full_view_hungarian,531.535123,531.535123,531.535123,0.022833,25,2400
51,25,10,democracy_hungarian,531.535123,552.545489,1078.231625,0.022833,275,10360
52,25,10,ideal_full_information,0.0,0.0,0.0,0.0245,0,0
52,25,10,leader_hungarian,68.751445,97.32988800000001,97.32988800000001,0.0245,25,2400
52,25,10,full_view_hungarian,47.059184,47.059184,47.059184,0.0245,25,2400
52,25,10,democracy_hungarian,47.059184,68.172773,130.263931,0.0245,275,10360
53,25,10,ideal_full_information,0.0,0.0,0.0,0.033708,0,0
53,25,10,leader_hungarian,531.535123,547.739329,547.739329,0.033708,25,2400
53,25,10,full_view_hungarian,68.454115,68.454115,68.454115,0.033708,25,2400
53,25,10,democracy_hungarian,68.454115,89.464481,157.918596,0.033708,275,10360
54,25,10,ideal_full_information,0.0,0.0,0.0,0.022709,0,0
54,25,10,leader_hungarian,47.059184,68.45966200000001,68.45966200000001,0.022709,25,2400
54,25,10,full_view_hungarian,68.751445,68.751445,68.751445,0.022709,25,2400
54,25,10,democracy_hungarian,68.751445,93.398459,147.63755,0.022709,275,10360
55,25,10,ideal_full_information,0.0,0.0,0.0,0.022375,0,0
55,25,10,leader_hungarian,159.419021,169.896087,169.896087,0.022375,25,2400
55,25,10,full_view_hungarian,47.059184,47.059184,47.059184,0.022375,25,2400
55,25,10,democracy_hungarian,47.059184,73.257148,113.050662,0.022375,275,10360
56,25,10,ideal_full_information,0.0,0.0,0.0,0.021792,0,0
56,25,10,leader_hungarian,518.880988,529.932776,529.932776,0.021792,25,2400
56,25,10,full_view_hungarian,68.751445,68.751445,68.751445,0.021792,25,2400
56,25,10,democracy_hungarian,68.751445,96.94933,124.12095400000001,0.021792,275,10360
57,25,10,ideal_full_information,0.0,0.0,0.0,0.028125,0,0
57,25,10,leader_hungarian,68.454115,93.511335,93.511335,0.028125,25,2400
57,25,10,full_view_hungarian,68.454115,68.454115,68.454115,0.028125,25,2400
57,25,10,democracy_hungarian,68.454115,94.102153,244.999347,0.028125,275,10360
58,25,10,ideal_full_information,0.0,0.0,0.0,0.022958,0,0
58,25,10,leader_hungarian,61.794355,130.5458,130.5458,0.022958,25,2400
58,25,10,full_view_hungarian,44.375132,44.375132,44.375132,0.022958,25,2400
58,25,10,democracy_hungarian,44.375132,70.69251,90.545941,0.022958,275,10360
59,25,10,ideal_full_information,0.0,0.0,0.0,0.022042,0,0
59,25,10,leader_hungarian,518.880988,531.851641,531.851641,0.022042,25,2400
59,25,10,full_view_hungarian,531.535123,531.535123,531.535123,0.022042,25,2400
59,25,10,democracy_hungarian,531.535123,556.182137,660.045388,0.022042,275,10360
60,25,10,ideal_full_information,0.0,0.0,0.0,0.025708,0,0
60,25,10,leader_hungarian,518.880988,546.059321,546.059321,0.025708,25,2400
60,25,10,full_view_hungarian,518.880988,518.880988,518.880988,0.025708,25,2400
60,25,10,democracy_hungarian,518.880988,543.123699,649.052474,0.025708,275,10360
61,25,10,ideal_full_information,0.0,0.0,0.0,0.028041,0,0
61,25,10,leader_hungarian,61.794355,77.8348,77.8348,0.028041,25,2400
61,25,10,full_view_hungarian,62.091158,62.091158,62.091158,0.028041,25,2400
61,25,10,democracy_hungarian,62.091158,85.948546,132.79740199999998,0.028041,275,10360
62,25,10,ideal_full_information,0.0,0.0,0.0,0.030125,0,0
62,25,10,leader_hungarian,518.880988,530.287516,530.287516,0.030125,25,2400
62,25,10,full_view_hungarian,62.091158,62.091158,62.091158,0.030125,25,2400
62,25,10,democracy_hungarian,62.091158,88.28912199999999,148.38160399999998,0.030125,275,10360
63,25,10,ideal_full_information,0.0,0.0,0.0,0.021708,0,0
63,25,10,leader_hungarian,518.880988,545.741346,545.741346,0.021708,25,2400
63,25,10,full_view_hungarian,68.751445,68.751445,68.751445,0.021708,25,2400
63,25,10,democracy_hungarian,68.751445,87.894067,618.4479670000001,0.021708,275,10360
64,25,10,ideal_full_information,0.0,0.0,0.0,0.021042,0,0
64,25,10,leader_hungarian,159.419021,180.81949899999998,180.81949899999998,0.021042,25,2400
64,25,10,full_view_hungarian,531.535123,531.535123,531.535123,0.021042,25,2400
64,25,10,democracy_hungarian,531.535123,555.392511,589.751654,0.021042,275,10360
65,25,10,ideal_full_information,0.0,0.0,0.0,0.022,0,0
65,25,10,leader_hungarian,68.751445,85.877656,85.877656,0.022,25,2400
65,25,10,full_view_hungarian,68.454115,68.454115,68.454115,0.022,25,2400
65,25,10,democracy_hungarian,68.454115,94.771493,619.13186,0.022,275,10360
66,25,10,ideal_full_information,0.0,0.0,0.0,0.025917,0,0
66,25,10,leader_hungarian,531.535123,545.196768,545.196768,0.025917,25,2400
66,25,10,full_view_hungarian,531.535123,531.535123,531.535123,0.025917,25,2400
66,25,10,democracy_hungarian,531.535123,557.352365,659.283101,0.025917,275,10360
67,25,10,ideal_full_information,0.0,0.0,0.0,0.021542,0,0
67,25,10,leader_hungarian,54.239091,116.033446,116.033446,0.021542,25,2400
67,25,10,full_view_hungarian,531.535123,531.535123,531.535123,0.021542,25,2400
67,25,10,democracy_hungarian,531.535123,555.551461,595.720518,0.021542,275,10360
68,25,10,ideal_full_information,0.0,0.0,0.0,0.021791,0,0
68,25,10,leader_hungarian,64.149866,84.150963,84.150963,0.021791,25,2400
68,25,10,full_view_hungarian,159.419021,159.419021,159.419021,0.021791,25,2400
68,25,10,democracy_hungarian,159.419021,185.616985,217.75210999999996,0.021791,275,10360
69,25,10,ideal_full_information,0.0,0.0,0.0,0.022041,0,0
69,25,10,leader_hungarian,531.535123,551.821476,551.821476,0.022041,25,2400
69,25,10,full_view_hungarian,62.091158,62.091158,62.091158,0.022041,25,2400
69,25,10,democracy_hungarian,62.091158,90.28904299999999,140.57296,0.022041,275,10360
70,25,10,ideal_full_information,0.0,0.0,0.0,0.02225,0,0
70,25,10,leader_hungarian,61.794355,76.955734,76.955734,0.02225,25,2400
70,25,10,full_view_hungarian,518.880988,518.880988,518.880988,0.02225,25,2400
70,25,10,democracy_hungarian,518.880988,539.891354,607.3362,0.02225,275,10360
71,25,10,ideal_full_information,0.0,0.0,0.0,0.022041,0,0
71,25,10,leader_hungarian,518.880988,548.032227,548.032227,0.022041,25,2400
71,25,10,full_view_hungarian,518.880988,518.880988,518.880988,0.022041,25,2400
71,25,10,democracy_hungarian,518.880988,543.123699,569.5527089999999,0.022041,275,10360
72,25,10,ideal_full_information,0.0,0.0,0.0,0.021792,0,0
72,25,10,leader_hungarian,518.880988,533.866231,533.866231,0.021792,25,2400
72,25,10,full_view_hungarian,531.535123,531.535123,531.535123,0.021792,25,2400
72,25,10,democracy_hungarian,531.535123,559.926321,594.264036,0.021792,275,10360
73,25,10,ideal_full_information,0.0,0.0,0.0,0.024542,0,0
73,25,10,leader_hungarian,518.880988,528.409965,528.409965,0.024542,25,2400
73,25,10,full_view_hungarian,64.149866,64.149866,64.149866,0.024542,25,2400
73,25,10,democracy_hungarian,64.149866,88.392577,198.60155400000002,0.024542,275,10360
74,25,10,ideal_full_information,0.0,0.0,0.0,0.022792,0,0
74,25,10,leader_hungarian,68.751445,84.79189,84.79189,0.022792,25,2400
74,25,10,full_view_hungarian,68.751445,68.751445,68.751445,0.022792,25,2400
74,25,10,democracy_hungarian,68.751445,93.398459,126.22808800000001,0.022792,275,10360
75,25,10,ideal_full_information,0.0,0.0,0.0,0.021833,0,0
75,25,10,leader_hungarian,64.149866,75.403626,75.403626,0.021833,25,2400
75,25,10,full_view_hungarian,531.535123,531.535123,531.535123,0.021833,25,2400
75,25,10,democracy_hungarian,531.535123,555.551461,598.7216109999999,0.021833,275,10360
76,25,10,ideal_full_information,0.0,0.0,0.0,0.021708,0,0
76,25,10,leader_hungarian,49.703454,68.004742,68.004742,0.021708,25,2400
76,25,10,full_view_hungarian,64.149866,64.149866,64.149866,0.021708,25,2400
76,25,10,democracy_hungarian,64.149866,85.550344,603.221404,0.021708,275,10360
77,25,10,ideal_full_information,0.0,0.0,0.0,0.021417,0,0
77,25,10,leader_hungarian,62.091158,95.279845,95.279845,0.021417,25,2400
77,25,10,full_view_hungarian,159.419021,159.419021,159.419021,0.021417,25,2400
77,25,10,democracy_hungarian,159.419021,188.57026,707.665442,0.021417,275,10360
78,25,10,ideal_full_information,0.0,0.0,0.0,0.023167,0,0
78,25,10,leader_hungarian,110.208977,118.955594,118.955594,0.023167,25,2400
78,25,10,full_view_hungarian,518.880988,518.880988,518.880988,0.023167,25,2400
78,25,10,democracy_hungarian,518.880988,546.059321,586.9292879999999,0.023167,275,10360
79,25,10,ideal_full_information,0.0,0.0,0.0,0.022334,0,0
79,25,10,leader_hungarian,68.454115,587.335103,587.335103,0.022334,25,2400
79,25,10,full_view_hungarian,110.208977,110.208977,110.208977,0.022334,25,2400
79,25,10,democracy_hungarian,110.208977,134.85599100000002,159.098702,0.022334,275,10360
80,25,10,ideal_full_information,0.0,0.0,0.0,0.021584,0,0
80,25,10,leader_hungarian,531.535123,547.575568,547.575568,0.021584,25,2400
80,25,10,full_view_hungarian,68.751445,68.751445,68.751445,0.021584,25,2400
80,25,10,democracy_hungarian,68.751445,93.808665,194.615452,0.021584,275,10360
81,25,10,ideal_full_information,0.0,0.0,0.0,0.02225,0,0
81,25,10,leader_hungarian,110.208977,124.746752,124.746752,0.02225,25,2400
81,25,10,full_view_hungarian,44.375132,44.375132,44.375132,0.02225,25,2400
81,25,10,democracy_hungarian,44.375132,64.376229,105.876475,0.02225,275,10360
82,25,10,ideal_full_information,0.0,0.0,0.0,0.022917,0,0
82,25,10,leader_hungarian,531.535123,558.084924,558.084924,0.022917,25,2400
82,25,10,full_view_hungarian,531.535123,531.535123,531.535123,0.022917,25,2400
82,25,10,democracy_hungarian,531.535123,551.821476,613.9126339999999,0.022917,275,10360
83,25,10,ideal_full_information,0.0,0.0,0.0,0.020916,0,0
83,25,10,leader_hungarian,531.535123,549.018157,549.018157,0.020916,25,2400
83,25,10,full_view_hungarian,518.880988,518.880988,518.880988,0.020916,25,2400
83,25,10,democracy_hungarian,518.880988,543.938208,584.2671700000001,0.020916,275,10360
84,25,10,ideal_full_information,0.0,0.0,0.0,0.022916,0,0
84,25,10,leader_hungarian,531.535123,547.739329,547.739329,0.022916,25,2400
84,25,10,full_view_hungarian,68.454115,68.454115,68.454115,0.022916,25,2400
84,25,10,democracy_hungarian,68.454115,88.644665,137.300191,0.022916,275,10360
85,25,10,ideal_full_information,0.0,0.0,0.0,0.021083,0,0
85,25,10,leader_hungarian,531.535123,551.619468,551.619468,0.021083,25,2400
85,25,10,full_view_hungarian,35.31402,35.31402,35.31402,0.021083,25,2400
85,25,10,democracy_hungarian,35.31402,62.174378000000004,130.925823,0.021083,275,10360
86,25,10,ideal_full_information,0.0,0.0,0.0,0.021,0,0
86,25,10,leader_hungarian,159.419021,196.415775,196.415775,0.021,25,2400
86,25,10,full_view_hungarian,531.535123,531.535123,531.535123,0.021,25,2400
86,25,10,democracy_hungarian,531.535123,551.821476,588.81823,0.021,275,10360
87,25,10,ideal_full_information,0.0,0.0,0.0,0.02875,0,0
87,25,10,leader_hungarian,518.880988,545.741346,545.741346,0.02875,25,2400
87,25,10,full_view_hungarian,518.880988,518.880988,518.880988,0.02875,25,2400
87,25,10,democracy_hungarian,518.880988,545.078952,584.4132199999999,0.02875,275,10360
88,25,10,ideal_full_information,0.0,0.0,0.0,0.024542,0,0
88,25,10,leader_hungarian,110.208977,120.16338900000001,120.16338900000001,0.024542,25,2400
88,25,10,full_view_hungarian,61.794355,61.794355,61.794355,0.024542,25,2400
88,25,10,democracy_hungarian,61.794355,88.654713,116.15459500000001,0.024542,275,10360
89,25,10,ideal_full_information,0.0,0.0,0.0,0.022375,0,0
89,25,10,leader_hungarian,54.239091,71.365302,71.365302,0.022375,25,2400
89,25,10,full_view_hungarian,531.535123,531.535123,531.535123,0.022375,25,2400
89,25,10,democracy_hungarian,531.535123,559.733008,1068.760957,0.022375,275,10360
90,25,10,ideal_full_information,0.0,0.0,0.0,0.021958,0,0
90,25,10,leader_hungarian,531.535123,568.0014,568.0014,0.021958,25,2400
90,25,10,full_view_hungarian,159.419021,159.419021,159.419021,0.021958,25,2400
90,25,10,democracy_hungarian,159.419021,185.06705899999997,212.652021,0.021958,275,10360
91,25,10,ideal_full_information,0.0,0.0,0.0,0.023209,0,0
91,25,10,leader_hungarian,62.091158,82.092255,82.092255,0.023209,25,2400
91,25,10,full_view_hungarian,159.419021,159.419021,159.419021,0.023209,25,2400
91,25,10,democracy_hungarian,159.419021,184.476241,233.15112499999998,0.023209,275,10360
92,25,10,ideal_full_information,0.0,0.0,0.0,0.023875,0,0
92,25,10,leader_hungarian,68.454115,85.937149,85.937149,0.023875,25,2400
92,25,10,full_view_hungarian,48.674884,48.674884,48.674884,0.023875,25,2400
92,25,10,democracy_hungarian,48.674884,74.322922,110.358219,0.023875,275,10360
93,25,10,ideal_full_information,0.0,0.0,0.0,0.022833,0,0
93,25,10,leader_hungarian,49.703454,76.617479,76.617479,0.022833,25,2400
93,25,10,full_view_hungarian,518.880988,518.880988,518.880988,0.022833,25,2400
93,25,10,democracy_hungarian,518.880988,539.862341,573.257719,0.022833,275,10360
94,25,10,ideal_full_information,0.0,0.0,0.0,0.022458,0,0
94,25,10,leader_hungarian,49.703454,84.87357,84.87357,0.022458,25,2400
94,25,10,full_view_hungarian,68.751445,68.751445,68.751445,0.022458,25,2400
94,25,10,democracy_hungarian,68.751445,94.399483,625.934606,0.022458,275,10360
95,25,10,ideal_full_information,0.0,0.0,0.0,0.02675,0,0
95,25,10,leader_hungarian,48.674884,58.629296,58.629296,0.02675,25,2400
95,25,10,full_view_hungarian,531.535123,531.535123,531.535123,0.02675,25,2400
95,25,10,democracy_hungarian,531.535123,557.183161,613.717264,0.02675,275,10360
96,25,10,ideal_full_information,0.0,0.0,0.0,0.023333,0,0
96,25,10,leader_hungarian,64.149866,84.340416,84.340416,0.023333,25,2400
96,25,10,full_view_hungarian,531.535123,531.535123,531.535123,0.023333,25,2400
96,25,10,democracy_hungarian,531.535123,558.084924,586.895789,0.023333,275,10360
97,25,10,ideal_full_information,0.0,0.0,0.0,0.022625,0,0
97,25,10,leader_hungarian,62.091158,80.62324100000001,80.62324100000001,0.022625,25,2400
97,25,10,full_view_hungarian,531.535123,531.535123,531.535123,0.022625,25,2400
97,25,10,democracy_hungarian,531.535123,551.619468,1070.500456,0.022625,275,10360
98,25,10,ideal_full_information,0.0,0.0,0.0,0.023583,0,0
98,25,10,leader_hungarian,64.149866,99.120923,99.120923,0.023583,25,2400
98,25,10,full_view_hungarian,62.091158,62.091158,62.091158,0.023583,25,2400
98,25,10,democracy_hungarian,62.091158,89.005183,121.13395700000001,0.023583,275,10360
99,25,10,ideal_full_information,0.0,0.0,0.0,0.022875,0,0
99,25,10,leader_hungarian,531.535123,542.012189,542.012189,0.022875,25,2400
99,25,10,full_view_hungarian,68.751445,68.751445,68.751445,0.022875,25,2400
99,25,10,democracy_hungarian,68.751445,95.61180300000001,129.025375,0.022875,275,10360
0,50,30,ideal_full_information,0.0,0.0,0.0,0.110167,0,0
0,50,30,leader_hungarian,531.535123,551.619468,551.619468,0.110167,50,12800
0,50,30,full_view_hungarian,531.535123,531.535123,531.535123,0.110167,50,12800
0,50,30,democracy_hungarian,531.535123,557.183161,1081.102521,0.110167,1550,60680
1,50,30,ideal_full_information,0.0,0.0,0.0,0.099916,0,0
1,50,30,leader_hungarian,518.880988,534.798072,534.798072,0.099916,50,12800
1,50,30,full_view_hungarian,159.419021,159.419021,159.419021,0.099916,50,12800
1,50,30,democracy_hungarian,159.419021,185.616985,695.611171,0.099916,1550,60680
2,50,30,ideal_full_information,0.0,0.0,0.0,0.103208,0,0
2,50,30,leader_hungarian,531.535123,560.686362,560.686362,0.103208,50,12800
2,50,30,full_view_hungarian,531.535123,531.535123,531.535123,0.103208,50,12800
2,50,30,democracy_hungarian,531.535123,555.551461,599.0042950000001,0.103208,1550,60680
3,50,30,ideal_full_information,0.0,0.0,0.0,0.099333,0,0
3,50,30,leader_hungarian,68.454115,83.641,83.641,0.099333,50,12800
3,50,30,full_view_hungarian,68.751445,68.751445,68.751445,0.099333,50,12800
3,50,30,democracy_hungarian,68.751445,94.56868700000001,248.132975,0.099333,1550,60680
4,50,30,ideal_full_information,0.0,0.0,0.0,0.100167,0,0
4,50,30,leader_hungarian,518.880988,538.02361,538.02361,0.100167,50,12800
4,50,30,full_view_hungarian,531.535123,531.535123,531.535123,0.100167,50,12800
4,50,30,democracy_hungarian,531.535123,558.395481,1083.032755,0.100167,1550,60680
5,50,30,ideal_full_information,0.0,0.0,0.0,0.094458,0,0
5,50,30,leader_hungarian,531.535123,581.238577,581.238577,0.094458,50,12800
5,50,30,full_view_hungarian,518.880988,518.880988,518.880988,0.094458,50,12800
5,50,30,democracy_hungarian,518.880988,545.430789,1057.952526,0.094458,1550,60680
6,50,30,ideal_full_information,0.0,0.0,0.0,0.0915,0,0
6,50,30,leader_hungarian,518.880988,525.145695,525.145695,0.0915,50,12800
6,50,30,full_view_hungarian,68.751445,68.751445,68.751445,0.0915,50,12800
6,50,30,democracy_hungarian,68.751445,94.949409,616.490774,0.0915,1550,60680
7,50,30,ideal_full_information,0.0,0.0,0.0,0.098584,0,0
7,50,30,leader_hungarian,159.419021,174.5804,174.5804,0.098584,50,12800
7,50,30,full_view_hungarian,531.535123,531.535123,531.535123,0.098584,50,12800
7,50,30,democracy_hungarian,531.535123,557.352365,708.9864190000001,0.098584,1550,60680
8,50,30,ideal_full_information,0.0,0.0,0.0,0.098083,0,0
8,50,30,leader_hungarian,68.454115,85.993116,85.993116,0.098083,50,12800
8,50,30,full_view_hungarian,531.535123,531.535123,531.535123,0.098083,50,12800
8,50,30,democracy_hungarian,531.535123,556.592343,1082.212868,0.098083,1550,60680
9,50,30,ideal_full_information,0.0,0.0,0.0,0.095667,0,0
9,50,30,leader_hungarian,110.208977,145.180034,145.180034,0.095667,50,12800
9,50,30,full_view_hungarian,518.880988,518.880988,518.880988,0.095667,50,12800
9,50,30,democracy_hungarian,518.880988,544.529026,1056.063264,0.095667,1550,60680
10,50,30,ideal_full_information,0.0,0.0,0.0,0.105042,0,0
10,50,30,leader_hungarian,531.535123,547.739329,547.739329,0.105042,50,12800
10,50,30,full_view_hungarian,110.208977,110.208977,110.208977,0.105042,50,12800
10,50,30,democracy_hungarian,110.208977,136.526355,289.914351,0.105042,1550,60680
11,50,30,ideal_full_information,0.0,0.0,0.0,0.096583,0,0
11,50,30,leader_hungarian,531.535123,599.989238,599.989238,0.096583,50,12800
11,50,30,full_view_hungarian,531.535123,531.535123,531.535123,0.096583,50,12800
11,50,30,democracy_hungarian,531.535123,556.182137,1068.041457,0.096583,1550,60680
12,50,30,ideal_full_information,0.0,0.0,0.0,0.120958,0,0
12,50,30,leader_hungarian,518.880988,568.584442,568.584442,0.120958,50,12800
12,50,30,full_view_hungarian,518.880988,518.880988,518.880988,0.120958,50,12800
12,50,30,democracy_hungarian,518.880988,545.198366,606.888242,0.120958,1550,60680
13,50,30,ideal_full_information,0.0,0.0,0.0,0.102292,0,0
13,50,30,leader_hungarian,518.880988,536.469143,536.469143,0.102292,50,12800
13,50,30,full_view_hungarian,518.880988,518.880988,518.880988,0.102292,50,12800
13,50,30,democracy_hungarian,518.880988,545.629406,1061.6193640000001,0.102292,1550,60680
14,50,30,ideal_full_information,0.0,0.0,0.0,0.094125,0,0
14,50,30,leader_hungarian,518.880988,536.19215,536.19215,0.094125,50,12800
14,50,30,full_view_hungarian,531.535123,531.535123,531.535123,0.094125,50,12800
14,50,30,democracy_hungarian,531.535123,557.352365,1069.5587329999998,0.094125,1550,60680
15,50,30,ideal_full_information,0.0,0.0,0.0,0.09675,0,0
15,50,30,leader_hungarian,531.535123,549.018157,549.018157,0.09675,50,12800
15,50,30,full_view_hungarian,68.454115,68.454115,68.454115,0.09675,50,12800
15,50,30,democracy_hungarian,68.454115,94.271357,251.889474,0.09675,1550,60680
16,50,30,ideal_full_information,0.0,0.0,0.0,0.094417,0,0
16,50,30,leader_hungarian,61.794355,91.265248,91.265248,0.094417,50,12800
16,50,30,full_view_hungarian,159.419021,159.419021,159.419021,0.094417,50,12800
16,50,30,democracy_hungarian,159.419021,183.66173199999997,243.569984,0.094417,1550,60680
17,50,30,ideal_full_information,0.0,0.0,0.0,0.108833,0,0
17,50,30,leader_hungarian,110.208977,137.123002,137.123002,0.108833,50,12800
17,50,30,full_view_hungarian,518.880988,518.880988,518.880988,0.108833,50,12800
17,50,30,democracy_hungarian,518.880988,545.795013,695.4262200000001,0.108833,1550,60680
18,50,30,ideal_full_information,0.0,0.0,0.0,0.091583,0,0
18,50,30,leader_hungarian,531.535123,557.733087,557.733087,0.091583,50,12800
18,50,30,full_view_hungarian,68.751445,68.751445,68.751445,0.091583,50,12800
18,50,30,democracy_hungarian,68.751445,95.61180300000001,199.15097200000002,0.091583,1550,60680
19,50,30,ideal_full_information,0.0,0.0,0.0,0.102666,0,0
19,50,30,leader_hungarian,110.208977,139.624549,139.624549,0.102666,50,12800
19,50,30,full_view_hungarian,518.880988,518.880988,518.880988,0.102666,50,12800
19,50,30,democracy_hungarian,518.880988,544.529026,609.032911,0.102666,1550,60680
20,50,30,ideal_full_information,0.0,0.0,0.0,0.096334,0,0
20,50,30,leader_hungarian,531.535123,549.018157,549.018157,0.096334,50,12800
20,50,30,full_view_hungarian,531.535123,531.535123,531.535123,0.096334,50,12800
20,50,30,democracy_hungarian,531.535123,557.352365,1067.727273,0.096334,1550,60680
21,50,30,ideal_full_information,0.0,0.0,0.0,0.096792,0,0
21,50,30,leader_hungarian,518.880988,573.120079,573.120079,0.096792,50,12800
21,50,30,full_view_hungarian,531.535123,531.535123,531.535123,0.096792,50,12800
21,50,30,democracy_hungarian,531.535123,557.352365,1084.051599,0.096792,1550,60680
22,50,30,ideal_full_information,0.0,0.0,0.0,0.104291,0,0
22,50,30,leader_hungarian,531.535123,565.894266,565.894266,0.104291,50,12800
22,50,30,full_view_hungarian,110.208977,110.208977,110.208977,0.104291,50,12800
22,50,30,democracy_hungarian,110.208977,138.293016,198.62560100000002,0.104291,1550,60680
23,50,30,ideal_full_information,0.0,0.0,0.0,0.100541,0,0
23,50,30,leader_hungarian,531.535123,559.619162,559.619162,0.100541,50,12800
23,50,30,full_view_hungarian,159.419021,159.419021,159.419021,0.100541,50,12800
23,50,30,democracy_hungarian,159.419021,186.333046,238.821341,0.100541,1550,60680
24,50,30,ideal_full_information,0.0,0.0,0.0,0.094875,0,0
24,50,30,leader_hungarian,62.091158,90.482356,90.482356,0.094875,50,12800
24,50,30,full_view_hungarian,531.535123,531.535123,531.535123,0.094875,50,12800
24,50,30,democracy_hungarian,531.535123,557.183161,1081.102521,0.094875,1550,60680
25,50,30,ideal_full_information,0.0,0.0,0.0,0.105209,0,0
25,50,30,leader_hungarian,68.751445,82.823521,82.823521,0.105209,50,12800
25,50,30,full_view_hungarian,61.794355,61.794355,61.794355,0.105209,50,12800
25,50,30,democracy_hungarian,61.794355,88.344156,598.836742,0.105209,1550,60680
26,50,30,ideal_full_information,0.0,0.0,0.0,0.096583,0,0
26,50,30,leader_hungarian,531.535123,549.567398,549.567398,0.096583,50,12800
26,50,30,full_view_hungarian,110.208977,110.208977,110.208977,0.096583,50,12800
26,50,30,democracy_hungarian,110.208977,136.95739500000002,660.5383879999999,0.096583,1550,60680
27,50,30,ideal_full_information,0.0,0.0,0.0,0.098333,0,0
27,50,30,leader_hungarian,531.535123,548.246421,548.246421,0.098333,50,12800
27,50,30,full_view_hungarian,159.419021,159.419021,159.419021,0.098333,50,12800
27,50,30,democracy_hungarian,159.419021,186.333046,708.542299,0.098333,1550,60680
28,50,30,ideal_full_information,0.0,0.0,0.0,0.094458,0,0
28,50,30,leader_hungarian,62.091158,106.46629,106.46629,0.094458,50,12800
28,50,30,full_view_hungarian,531.535123,531.535123,531.535123,0.094458,50,12800
28,50,30,democracy_hungarian,531.535123,557.852501,1075.0631250000001,0.094458,1550,60680
29,50,30,ideal_full_information,0.0,0.0,0.0,0.099167,0,0
29,50,30,leader_hungarian,159.419021,170.28775199999998,170.28775199999998,0.099167,50,12800
29,50,30,full_view_hungarian,110.208977,110.208977,110.208977,0.099167,50,12800
29,50,30,democracy_hungarian,110.208977,134.06636500000002,647.251364,0.099167,1550,60680
30,50,30,ideal_full_information,0.0,0.0,0.0,0.098458,0,0
30,50,30,leader_hungarian,68.751445,87.052733,87.052733,0.098458,50,12800
30,50,30,full_view_hungarian,531.535123,531.535123,531.535123,0.098458,50,12800
30,50,30,democracy_hungarian,531.535123,558.084924,604.306297,0.098458,1550,60680
31,50,30,ideal_full_information,0.0,0.0,0.0,0.099583,0,0
31,50,30,leader_hungarian,518.880988,528.534691,528.534691,0.099583,50,12800
31,50,30,full_view_hungarian,531.535123,531.535123,531.535123,0.099583,50,12800
31,50,30,democracy_hungarian,531.535123,556.592343,709.1155429999999,0.099583,1550,60680
32,50,30,ideal_full_information,0.0,0.0,0.0,0.093959,0,0
32,50,30,leader_hungarian,68.454115,77.577545,77.577545,0.093959,50,12800
32,50,30,full_view_hungarian,68.751445,68.751445,68.751445,0.093959,50,12800
32,50,30,democracy_hungarian,68.751445,94.56868700000001,608.613786,0.093959,1550,60680
33,50,30,ideal_full_information,0.0,0.0,0.0,0.096166,0,0
33,50,30,leader_hungarian,531.535123,551.619468,551.619468,0.096166,50,12800
33,50,30,full_view_hungarian,159.419021,159.419021,159.419021,0.096166,50,12800
33,50,30,democracy_hungarian,159.419021,185.616985,291.02847599999996,0.096166,1550,60680
34,50,30,ideal_full_information,0.0,0.0,0.0,0.093917,0,0
34,50,30,leader_hungarian,110.208977,128.370376,128.370376,0.093917,50,12800
34,50,30,full_view_hungarian,68.751445,68.751445,68.751445,0.093917,50,12800
34,50,30,democracy_hungarian,68.751445,95.66547,203.203133,0.093917,1550,60680
35,50,30,ideal_full_information,0.0,0.0,0.0,0.094583,0,0
35,50,30,leader_hungarian,62.091158,96.450301,96.450301,0.094583,50,12800
35,50,30,full_view_hungarian,531.535123,531.535123,531.535123,0.094583,50,12800
35,50,30,democracy_hungarian,531.535123,558.449148,1080.695592,0.094583,1550,60680
36,50,30,ideal_full_information,0.0,0.0,0.0,0.101416,0,0
36,50,30,leader_hungarian,64.149866,88.16620400000001,88.16620400000001,0.101416,50,12800
36,50,30,full_view_hungarian,531.535123,531.535123,531.535123,0.101416,50,12800
36,50,30,democracy_hungarian,531.535123,556.592343,613.8463879999999,0.101416,1550,60680
37,50,30,ideal_full_information,0.0,0.0,0.0,0.099667,0,0
37,50,30,leader_hungarian,159.419021,174.9348,174.9348,0.099667,50,12800
37,50,30,full_view_hungarian,531.535123,531.535123,531.535123,0.099667,50,12800
37,50,30,democracy_hungarian,531.535123,558.395481,1068.948194,0.099667,1550,60680
38,50,30,ideal_full_information,0.0,0.0,0.0,0.092792,0,0
38,50,30,leader_hungarian,159.419021,175.716062,175.716062,0.092792,50,12800
38,50,30,full_view_hungarian,531.535123,531.535123,531.535123,0.092792,50,12800
38,50,30,democracy_hungarian,531.535123,556.592343,1082.212868,0.092792,1550,60680
39,50,30,ideal_full_information,0.0,0.0,0.0,0.103875,0,0
39,50,30,leader_hungarian,159.419021,167.426,167.426,0.103875,50,12800
39,50,30,full_view_hungarian,64.149866,64.149866,64.149866,0.103875,50,12800
39,50,30,democracy_hungarian,64.149866,90.46724400000001,145.887887,0.103875,1550,60680
40,50,30,ideal_full_information,0.0,0.0,0.0,0.105084,0,0
40,50,30,leader_hungarian,62.091158,106.46629,106.46629,0.105084,50,12800
40,50,30,full_view_hungarian,159.419021,159.419021,159.419021,0.105084,50,12800
40,50,30,democracy_hungarian,159.419021,185.06705899999997,252.52015,0.105084,1550,60680
41,50,30,ideal_full_information,0.0,0.0,0.0,0.0905,0,0
41,50,30,leader_hungarian,531.535123,568.0014,568.0014,0.0905,50,12800
41,50,30,full_view_hungarian,531.535123,531.535123,531.535123,0.0905,50,12800
41,50,30,democracy_hungarian,531.535123,558.283541,711.038489,0.0905,1550,60680
42,50,30,ideal_full_information,0.0,0.0,0.0,0.101333,0,0
42,50,30,leader_hungarian,518.880988,550.738742,550.738742,0.101333,50,12800
42,50,30,full_view_hungarian,110.208977,110.208977,110.208977,0.101333,50,12800
42,50,30,democracy_hungarian,110.208977,136.40694100000002,649.091062,0.101333,1550,60680
43,50,30,ideal_full_information,0.0,0.0,0.0,0.104041,0,0
43,50,30,leader_hungarian,68.751445,115.600301,115.600301,0.104041,50,12800
43,50,30,full_view_hungarian,64.149866,64.149866,64.149866,0.104041,50,12800
43,50,30,democracy_hungarian,64.149866,90.46724400000001,152.86382,0.104041,1550,60680
44,50,30,ideal_full_information,0.0,0.0,0.0,0.094375,0,0
44,50,30,leader_hungarian,531.535123,550.677745,550.677745,0.094375,50,12800
44,50,30,full_view_hungarian,62.091158,62.091158,62.091158,0.094375,50,12800
44,50,30,democracy_hungarian,62.091158,89.269491,601.056491,0.094375,1550,60680
45,50,30,ideal_full_information,0.0,0.0,0.0,0.105625,0,0
45,50,30,leader_hungarian,531.535123,568.531877,568.531877,0.105625,50,12800
45,50,30,full_view_hungarian,64.149866,64.149866,64.149866,0.105625,50,12800
45,50,30,democracy_hungarian,64.149866,90.898284,615.875539,0.105625,1550,60680
46,50,30,ideal_full_information,0.0,0.0,0.0,0.103166,0,0
46,50,30,leader_hungarian,531.535123,549.696522,549.696522,0.103166,50,12800
46,50,30,full_view_hungarian,518.880988,518.880988,518.880988,0.103166,50,12800
46,50,30,democracy_hungarian,518.880988,544.529026,611.351441,0.103166,1550,60680
47,50,30,ideal_full_information,0.0,0.0,0.0,0.097541,0,0
47,50,30,leader_hungarian,531.535123,546.072898,546.072898,0.097541,50,12800
47,50,30,full_view_hungarian,531.535123,531.535123,531.535123,0.097541,50,12800
47,50,30,democracy_hungarian,531.535123,556.182137,1068.041457,0.097541,1550,60680
48,50,30,ideal_full_information,0.0,0.0,0.0,0.095208,0,0
48,50,30,leader_hungarian,531.535123,561.006016,561.006016,0.095208,50,12800
48,50,30,full_view_hungarian,531.535123,531.535123,531.535123,0.095208,50,12800
48,50,30,democracy_hungarian,531.535123,555.777834,605.858559,0.095208,1550,60680
49,50,30,ideal_full_information,0.0,0.0,0.0,0.114375,0,0
49,50,30,leader_hungarian,531.535123,558.283541,558.283541,0.114375,50,12800
49,50,30,full_view_hungarian,159.419021,159.419021,159.419021,0.114375,50,12800
49,50,30,democracy_hungarian,159.419021,183.66173199999997,699.310375,0.114375,1550,60680
50,50,30,ideal_full_information,0.0,0.0,0.0,0.110666,0,0
50,50,30,leader_hungarian,61.794355,123.58871,123.58871,0.110666,50,12800
50,50,30,full_view_hungarian,61.794355,61.794355,61.794355,0.110666,50,12800
50,50,30,democracy_hungarian,61.794355,87.99231900000001,192.00442900000002,0.110666,1550,60680
51,50,30,ideal_full_information,0.0,0.0,0.0,0.105042,0,0
51,50,30,leader_hungarian,531.535123,595.684989,595.684989,0.105042,50,12800
51,50,30,full_view_hungarian,531.535123,531.535123,531.535123,0.105042,50,12800
51,50,30,democracy_hungarian,531.535123,557.733087,603.085376,0.105042,1550,60680
52,50,30,ideal_full_information,0.0,0.0,0.0,0.095875,0,0
52,50,30,leader_hungarian,518.880988,547.459431,547.459431,0.095875,50,12800
52,50,30,full_view_hungarian,68.454115,68.454115,68.454115,0.095875,50,12800
52,50,30,democracy_hungarian,68.454115,96.652,628.187123,0.095875,1550,60680
53,50,30,ideal_full_information,0.0,0.0,0.0,0.099417,0,0
53,50,30,leader_hungarian,531.535123,547.739329,547.739329,0.099417,50,12800
53,50,30,full_view_hungarian,518.880988,518.880988,518.880988,0.099417,50,12800
53,50,30,democracy_hungarian,518.880988,543.938208,607.63353,0.099417,1550,60680
54,50,30,ideal_full_information,0.0,0.0,0.0,0.091792,0,0
54,50,30,leader_hungarian,159.419021,180.81949899999998,180.81949899999998,0.091792,50,12800
54,50,30,full_view_hungarian,68.751445,68.751445,68.751445,0.091792,50,12800
54,50,30,democracy_hungarian,68.751445,96.83548400000001,252.413177,0.091792,1550,60680
55,50,30,ideal_full_information,0.0,0.0,0.0,0.092,0,0
55,50,30,leader_hungarian,159.419021,169.896087,169.896087,0.092,50,12800
55,50,30,full_view_hungarian,68.751445,68.751445,68.751445,0.092,50,12800
55,50,30,democracy_hungarian,68.751445,95.301246,605.664708,0.092,1550,60680
56,50,30,ideal_full_information,0.0,0.0,0.0,0.093458,0,0
56,50,30,leader_hungarian,518.880988,529.932776,529.932776,0.093458,50,12800
56,50,30,full_view_hungarian,518.880988,518.880988,518.880988,0.093458,50,12800
56,50,30,democracy_hungarian,518.880988,545.198366,1068.004266,0.093458,1550,60680
57,50,30,ideal_full_information,0.0,0.0,0.0,0.095959,0,0
57,50,30,leader_hungarian,518.880988,543.938208,543.938208,0.095959,50,12800
57,50,30,full_view_hungarian,110.208977,110.208977,110.208977,0.095959,50,12800
57,50,30,democracy_hungarian,110.208977,136.758778,205.510223,0.095959,1550,60680
58,50,30,ideal_full_information,0.0,0.0,0.0,0.09225,0,0
58,50,30,leader_hungarian,531.535123,600.286568,600.286568,0.09225,50,12800
58,50,30,full_view_hungarian,110.208977,110.208977,110.208977,0.09225,50,12800
58,50,30,democracy_hungarian,110.208977,136.026219,196.44345600000003,0.09225,1550,60680
59,50,30,ideal_full_information,0.0,0.0,0.0,0.0945,0,0
59,50,30,leader_hungarian,518.880988,531.851641,531.851641,0.0945,50,12800
59,50,30,full_view_hungarian,531.535123,531.535123,531.535123,0.0945,50,12800
59,50,30,democracy_hungarian,531.535123,558.645363,1077.526351,0.0945,1550,60680
60,50,30,ideal_full_information,0.0,0.0,0.0,0.116333,0,0
60,50,30,leader_hungarian,518.880988,546.059321,546.059321,0.116333,50,12800
60,50,30,full_view_hungarian,518.880988,518.880988,518.880988,0.116333,50,12800
60,50,30,democracy_hungarian,518.880988,545.629406,1070.37862,0.116333,1550,60680
61,50,30,ideal_full_information,0.0,0.0,0.0,0.099959,0,0
61,50,30,leader_hungarian,61.794355,77.8348,77.8348,0.099959,50,12800
61,50,30,full_view_hungarian,62.091158,62.091158,62.091158,0.099959,50,12800
61,50,30,democracy_hungarian,62.091158,87.73919599999999,600.973243,0.099959,1550,60680
62,50,30,ideal_full_information,0.0,0.0,0.0,0.096083,0,0
62,50,30,leader_hungarian,518.880988,530.287516,530.287516,0.096083,50,12800
62,50,30,full_view_hungarian,68.454115,68.454115,68.454115,0.096083,50,12800
62,50,30,democracy_hungarian,68.454115,95.003916,149.39109200000001,0.096083,1550,60680
63,50,30,ideal_full_information,0.0,0.0,0.0,0.104667,0,0
63,50,30,leader_hungarian,518.880988,545.741346,545.741346,0.104667,50,12800
63,50,30,full_view_hungarian,68.751445,68.751445,68.751445,0.104667,50,12800
63,50,30,democracy_hungarian,68.751445,95.929778,158.61647900000003,0.104667,1550,60680
64,50,30,ideal_full_information,0.0,0.0,0.0,0.08975,0,0
64,50,30,leader_hungarian,159.419021,180.81949899999998,180.81949899999998,0.08975,50,12800
64,50,30,full_view_hungarian,531.535123,531.535123,531.535123,0.08975,50,12800
64,50,30,democracy_hungarian,531.535123,558.084924,1083.356599,0.08975,1550,60680
65,50,30,ideal_full_information,0.0,0.0,0.0,0.114834,0,0
65,50,30,leader_hungarian,68.751445,85.877656,85.877656,0.114834,50,12800
65,50,30,full_view_hungarian,68.454115,68.454115,68.454115,0.114834,50,12800
65,50,30,democracy_hungarian,68.454115,95.202533,245.461291,0.114834,1550,60680
66,50,30,ideal_full_information,0.0,0.0,0.0,0.095458,0,0
66,50,30,leader_hungarian,531.535123,545.196768,545.196768,0.095458,50,12800
66,50,30,full_view_hungarian,531.535123,531.535123,531.535123,0.095458,50,12800
66,50,30,democracy_hungarian,531.535123,558.283541,1071.5297,0.095458,1550,60680
67,50,30,ideal_full_information,0.0,0.0,0.0,0.095959,0,0
67,50,30,leader_hungarian,518.880988,580.675343,580.675343,0.095959,50,12800
67,50,30,full_view_hungarian,531.535123,531.535123,531.535123,0.095959,50,12800
67,50,30,democracy_hungarian,531.535123,556.182137,597.7369289999999,0.095959,1550,60680
68,50,30,ideal_full_information,0.0,0.0,0.0,0.093708,0,0
68,50,30,leader_hungarian,68.751445,88.752542,88.752542,0.093708,50,12800
68,50,30,full_view_hungarian,159.419021,159.419021,159.419021,0.093708,50,12800
68,50,30,democracy_hungarian,159.419021,185.968822,709.2554319999999,0.093708,1550,60680
69,50,30,ideal_full_information,0.0,0.0,0.0,0.096083,0,0
69,50,30,leader_hungarian,531.535123,551.821476,551.821476,0.096083,50,12800
69,50,30,full_view_hungarian,68.751445,68.751445,68.751445,0.096083,50,12800
69,50,30,democracy_hungarian,68.751445,95.66547,608.613786,0.096083,1550,60680
70,50,30,ideal_full_information,0.0,0.0,0.0,0.10775,0,0
70,50,30,leader_hungarian,110.208977,125.370356,125.370356,0.10775,50,12800
70,50,30,full_view_hungarian,531.535123,531.535123,531.535123,0.10775,50,12800
70,50,30,democracy_hungarian,531.535123,557.733087,611.4222520000001,0.10775,1550,60680
71,50,30,ideal_full_information,0.0,0.0,0.0,0.094208,0,0
71,50,30,leader_hungarian,518.880988,548.032227,548.032227,0.094208,50,12800
71,50,30,full_view_hungarian,518.880988,518.880988,518.880988,0.094208,50,12800
71,50,30,democracy_hungarian,518.880988,545.430789,1064.311777,0.094208,1550,60680
72,50,30,ideal_full_information,0.0,0.0,0.0,0.096875,0,0
72,50,30,leader_hungarian,518.880988,533.866231,533.866231,0.096875,50,12800
72,50,30,full_view_hungarian,531.535123,531.535123,531.535123,0.096875,50,12800
72,50,30,democracy_hungarian,531.535123,558.084924,1083.071343,0.096875,1550,60680
73,50,30,ideal_full_information,0.0,0.0,0.0,0.097666,0,0
73,50,30,leader_hungarian,518.880988,528.409965,528.409965,0.097666,50,12800
73,50,30,full_view_hungarian,64.149866,64.149866,64.149866,0.097666,50,12800
73,50,30,democracy_hungarian,64.149866,90.898284,619.701327,0.097666,1550,60680
74,50,30,ideal_full_information,0.0,0.0,0.0,0.094625,0,0
74,50,30,leader_hungarian,531.535123,547.575568,547.575568,0.094625,50,12800
74,50,30,full_view_hungarian,531.535123,531.535123,531.535123,0.094625,50,12800
74,50,30,democracy_hungarian,531.535123,556.592343,1080.6092469999999,0.094625,1550,60680
75,50,30,ideal_full_information,0.0,0.0,0.0,0.10425,0,0
75,50,30,leader_hungarian,64.149866,75.403626,75.403626,0.10425,50,12800
75,50,30,full_view_hungarian,531.535123,531.535123,531.535123,0.10425,50,12800
75,50,30,democracy_hungarian,531.535123,556.592343,611.927569,0.10425,1550,60680
76,50,30,ideal_full_information,0.0,0.0,0.0,0.092333,0,0
76,50,30,leader_hungarian,61.794355,80.095643,80.095643,0.092333,50,12800
76,50,30,full_view_hungarian,531.535123,531.535123,531.535123,0.092333,50,12800
76,50,30,democracy_hungarian,531.535123,557.352365,620.742209,0.092333,1550,60680
77,50,30,ideal_full_information,0.0,0.0,0.0,0.096917,0,0
77,50,30,leader_hungarian,62.091158,95.279845,95.279845,0.096917,50,12800
77,50,30,full_view_hungarian,531.535123,531.535123,531.535123,0.096917,50,12800
77,50,30,democracy_hungarian,531.535123,557.183161,661.93465,0.096917,1550,60680
78,50,30,ideal_full_information,0.0,0.0,0.0,0.10325,0,0
78,50,30,leader_hungarian,110.208977,118.955594,118.955594,0.10325,50,12800
78,50,30,full_view_hungarian,518.880988,518.880988,518.880988,0.10325,50,12800
78,50,30,democracy_hungarian,518.880988,544.529026,1075.4733310000001,0.10325,1550,60680
79,50,30,ideal_full_information,0.0,0.0,0.0,0.09975,0,0
79,50,30,leader_hungarian,68.454115,587.335103,587.335103,0.09975,50,12800
79,50,30,full_view_hungarian,531.535123,531.535123,531.535123,0.09975,50,12800
79,50,30,democracy_hungarian,531.535123,558.395481,622.545347,0.09975,1550,60680
80,50,30,ideal_full_information,0.0,0.0,0.0,0.103625,0,0
80,50,30,leader_hungarian,531.535123,547.575568,547.575568,0.103625,50,12800
80,50,30,full_view_hungarian,68.751445,68.751445,68.751445,0.103625,50,12800
80,50,30,democracy_hungarian,68.751445,96.83548400000001,618.631414,0.103625,1550,60680
81,50,30,ideal_full_information,0.0,0.0,0.0,0.105917,0,0
81,50,30,leader_hungarian,110.208977,124.746752,124.746752,0.105917,50,12800
81,50,30,full_view_hungarian,49.703454,49.703454,49.703454,0.105917,50,12800
81,50,30,democracy_hungarian,49.703454,76.253255,599.77066,0.105917,1550,60680
82,50,30,ideal_full_information,0.0,0.0,0.0,0.090833,0,0
82,50,30,leader_hungarian,531.535123,558.084924,558.084924,0.090833,50,12800
82,50,30,full_view_hungarian,531.535123,531.535123,531.535123,0.090833,50,12800
82,50,30,democracy_hungarian,531.535123,555.551461,1084.051599,0.090833,1550,60680
83,50,30,ideal_full_information,0.0,0.0,0.0,0.102875,0,0
83,50,30,leader_hungarian,531.535123,549.018157,549.018157,0.102875,50,12800
83,50,30,full_view_hungarian,518.880988,518.880988,518.880988,0.102875,50,12800
83,50,30,democracy_hungarian,518.880988,547.078873,1055.794251,0.102875,1550,60680
84,50,30,ideal_full_information,0.0,0.0,0.0,0.0975,0,0
84,50,30,leader_hungarian,531.535123,547.739329,547.739329,0.0975,50,12800
84,50,30,full_view_hungarian,68.454115,68.454115,68.454115,0.0975,50,12800
84,50,30,democracy_hungarian,68.454115,95.314473,158.308708,0.0975,1550,60680
85,50,30,ideal_full_information,0.0,0.0,0.0,0.095125,0,0
85,50,30,leader_hungarian,531.535123,551.619468,551.619468,0.095125,50,12800
85,50,30,full_view_hungarian,518.880988,518.880988,518.880988,0.095125,50,12800
85,50,30,democracy_hungarian,518.880988,543.528002,649.17431,0.095125,1550,60680
86,50,30,ideal_full_information,0.0,0.0,0.0,0.11375,0,0
86,50,30,leader_hungarian,159.419021,196.415775,196.415775,0.11375,50,12800
86,50,30,full_view_hungarian,531.535123,531.535123,531.535123,0.11375,50,12800
86,50,30,democracy_hungarian,531.535123,558.395481,624.529279,0.11375,1550,60680
87,50,30,ideal_full_information,0.0,0.0,0.0,0.095292,0,0
87,50,30,leader_hungarian,518.880988,545.741346,545.741346,0.095292,50,12800
87,50,30,full_view_hungarian,518.880988,518.880988,518.880988,0.095292,50,12800
87,50,30,democracy_hungarian,518.880988,544.69823,699.310375,0.095292,1550,60680
88,50,30,ideal_full_information,0.0,0.0,0.0,0.095083,0,0
88,50,30,leader_hungarian,110.208977,120.16338900000001,120.16338900000001,0.095083,50,12800
88,50,30,full_view_hungarian,68.454115,68.454115,68.454115,0.095083,50,12800
88,50,30,democracy_hungarian,68.454115,94.271357,152.56649,0.095083,1550,60680
89,50,30,ideal_full_information,0.0,0.0,0.0,0.093958,0,0
89,50,30,leader_hungarian,110.208977,127.335188,127.335188,0.093958,50,12800
89,50,30,full_view_hungarian,531.535123,531.535123,531.535123,0.093958,50,12800
89,50,30,democracy_hungarian,531.535123,557.183161,613.7106259999999,0.093958,1550,60680
90,50,30,ideal_full_information,0.0,0.0,0.0,0.101459,0,0
90,50,30,leader_hungarian,531.535123,568.0014,568.0014,0.101459,50,12800
90,50,30,full_view_hungarian,159.419021,159.419021,159.419021,0.101459,50,12800
90,50,30,democracy_hungarian,159.419021,185.23626299999998,290.741587,0.101459,1550,60680
91,50,30,ideal_full_information,0.0,0.0,0.0,0.092333,0,0
91,50,30,leader_hungarian,531.535123,551.53622,551.53622,0.092333,50,12800
91,50,30,full_view_hungarian,518.880988,518.880988,518.880988,0.092333,50,12800
91,50,30,democracy_hungarian,518.880988,543.938208,602.075821,0.092333,1550,60680
92,50,30,ideal_full_information,0.0,0.0,0.0,0.093916,0,0
92,50,30,leader_hungarian,68.751445,86.23447900000001,86.23447900000001,0.093916,50,12800
92,50,30,full_view_hungarian,531.535123,531.535123,531.535123,0.093916,50,12800
92,50,30,democracy_hungarian,531.535123,552.648712,1084.183835,0.093916,1550,60680
93,50,30,ideal_full_information,0.0,0.0,0.0,0.099208,0,0
93,50,30,leader_hungarian,531.535123,558.449148,558.449148,0.099208,50,12800
93,50,30,full_view_hungarian,518.880988,518.880988,518.880988,0.099208,50,12800
93,50,30,democracy_hungarian,518.880988,543.938208,1054.888187,0.099208,1550,60680
94,50,30,ideal_full_information,0.0,0.0,0.0,0.095917,0,0
94,50,30,leader_hungarian,49.703454,84.87357,84.87357,0.095917,50,12800
94,50,30,full_view_hungarian,68.751445,68.751445,68.751445,0.095917,50,12800
94,50,30,democracy_hungarian,68.751445,95.06882300000001,155.664289,0.095917,1550,60680
95,50,30,ideal_full_information,0.0,0.0,0.0,0.090584,0,0
95,50,30,leader_hungarian,48.674884,58.629296,58.629296,0.090584,50,12800
95,50,30,full_view_hungarian,531.535123,531.535123,531.535123,0.090584,50,12800
95,50,30,democracy_hungarian,531.535123,557.352365,600.400557,0.090584,1550,60680
96,50,30,ideal_full_information,0.0,0.0,0.0,0.112167,0,0
96,50,30,leader_hungarian,64.149866,84.340416,84.340416,0.112167,50,12800
96,50,30,full_view_hungarian,531.535123,531.535123,531.535123,0.112167,50,12800
96,50,30,democracy_hungarian,531.535123,556.592343,621.267921,0.112167,1550,60680
97,50,30,ideal_full_information,0.0,0.0,0.0,0.104459,0,0
97,50,30,leader_hungarian,531.535123,550.0672059999999,550.0672059999999,0.104459,50,12800
97,50,30,full_view_hungarian,531.535123,531.535123,531.535123,0.104459,50,12800
97,50,30,democracy_hungarian,531.535123,558.449148,1084.080612,0.104459,1550,60680
98,50,30,ideal_full_information,0.0,0.0,0.0,0.096459,0,0
98,50,30,leader_hungarian,159.419021,194.390078,194.390078,0.096459,50,12800
98,50,30,full_view_hungarian,62.091158,62.091158,62.091158,0.096459,50,12800
98,50,30,democracy_hungarian,62.091158,87.14837800000001,239.542454,0.096459,1550,60680
99,50,30,ideal_full_information,0.0,0.0,0.0,0.102208,0,0
99,50,30,leader_hungarian,531.535123,542.012189,542.012189,0.102208,50,12800
99,50,30,full_view_hungarian,68.751445,68.751445,68.751445,0.102208,50,12800
99,50,30,democracy_hungarian,68.751445,94.399483,157.58723500000002,0.102208,1550,60680
0,100,50,ideal_full_information,0.0,0.0,0.0,0.304791,0,0
0,100,50,leader_hungarian,531.535123,551.619468,551.619468,0.304791,100,41600
0,100,50,full_view_hungarian,531.535123,531.535123,531.535123,0.304791,100,41600
0,100,50,democracy_hungarian,531.535123,557.352365,1071.816589,0.304791,5100,201400
1,100,50,ideal_full_information,0.0,0.0,0.0,0.26675,0,0
1,100,50,leader_hungarian,518.880988,534.798072,534.798072,0.26675,100,41600
1,100,50,full_view_hungarian,518.880988,518.880988,518.880988,0.26675,100,41600
1,100,50,democracy_hungarian,518.880988,545.629406,598.5111469999999,0.26675,5100,201400
2,100,50,ideal_full_information,0.0,0.0,0.0,0.281708,0,0
2,100,50,leader_hungarian,531.535123,560.686362,560.686362,0.281708,100,41600
2,100,50,full_view_hungarian,531.535123,531.535123,531.535123,0.281708,100,41600
2,100,50,democracy_hungarian,531.535123,556.182137,620.2490769999999,0.281708,5100,201400
3,100,50,ideal_full_information,0.0,0.0,0.0,0.306209,0,0
3,100,50,leader_hungarian,68.751445,83.93833000000001,83.93833000000001,0.306209,100,41600
3,100,50,full_view_hungarian,68.751445,68.751445,68.751445,0.306209,100,41600
3,100,50,democracy_hungarian,68.751445,92.994156,618.818651,0.306209,5100,201400
4,100,50,ideal_full_information,0.0,0.0,0.0,0.298167,0,0
4,100,50,leader_hungarian,518.880988,538.02361,538.02361,0.298167,100,41600
4,100,50,full_view_hungarian,531.535123,531.535123,531.535123,0.298167,100,41600
4,100,50,democracy_hungarian,531.535123,556.182137,1070.500456,0.298167,5100,201400
5,100,50,ideal_full_information,0.0,0.0,0.0,0.311583,0,0
5,100,50,leader_hungarian,531.535123,581.238577,581.238577,0.311583,100,41600
5,100,50,full_view_hungarian,518.880988,518.880988,518.880988,0.311583,100,41600
5,100,50,democracy_hungarian,518.880988,542.738376,650.203554,0.311583,5100,201400
6,100,50,ideal_full_information,0.0,0.0,0.0,0.280583,0,0
6,100,50,leader_hungarian,518.880988,525.145695,525.145695,0.280583,100,41600
6,100,50,full_view_hungarian,110.208977,110.208977,110.208977,0.280583,100,41600
6,100,50,democracy_hungarian,110.208977,135.266197,648.232587,0.280583,5100,201400
7,100,50,ideal_full_information,0.0,0.0,0.0,0.27425,0,0
7,100,50,leader_hungarian,531.535123,546.696502,546.696502,0.27425,100,41600
7,100,50,full_view_hungarian,531.535123,531.535123,531.535123,0.27425,100,41600
7,100,50,democracy_hungarian,531.535123,555.392511,1070.37862,0.27425,5100,201400
8,100,50,ideal_full_information,0.0,0.0,0.0,0.298,0,0
8,100,50,leader_hungarian,518.880988,536.419989,536.419989,0.298,100,41600
8,100,50,full_view_hungarian,531.535123,531.535123,531.535123,0.298,100,41600
8,100,50,democracy_hungarian,531.535123,557.352365,1074.432449,0.298,5100,201400
9,100,50,ideal_full_information,0.0,0.0,0.0,0.295625,0,0
9,100,50,leader_hungarian,110.208977,145.180034,145.180034,0.295625,100,41600
9,100,50,full_view_hungarian,518.880988,518.880988,518.880988,0.295625,100,41600
9,100,50,democracy_hungarian,518.880988,544.69823,1055.9233749999999,0.295625,5100,201400
10,100,50,ideal_full_information,0.0,0.0,0.0,0.268667,0,0
10,100,50,leader_hungarian,531.535123,547.739329,547.739329,0.268667,100,41600
10,100,50,full_view_hungarian,531.535123,531.535123,531.535123,0.268667,100,41600
10,100,50,democracy_hungarian,531.535123,558.084924,1068.948194,0.268667,5100,201400
11,100,50,ideal_full_information,0.0,0.0,0.0,0.328709,0,0
11,100,50,leader_hungarian,531.535123,599.989238,599.989238,0.328709,100,41600
11,100,50,full_view_hungarian,531.535123,531.535123,531.535123,0.328709,100,41600
11,100,50,democracy_hungarian,531.535123,556.592343,1084.183835,0.328709,5100,201400
12,100,50,ideal_full_information,0.0,0.0,0.0,0.309917,0,0
12,100,50,leader_hungarian,531.535123,581.238577,581.238577,0.309917,100,41600
12,100,50,full_view_hungarian,518.880988,518.880988,518.880988,0.309917,100,41600
12,100,50,democracy_hungarian,518.880988,544.529026,698.384354,0.309917,5100,201400
13,100,50,ideal_full_information,0.0,0.0,0.0,0.272958,0,0
13,100,50,leader_hungarian,531.535123,549.123278,549.123278,0.272958,100,41600
13,100,50,full_view_hungarian,531.535123,531.535123,531.535123,0.272958,100,41600
13,100,50,democracy_hungarian,531.535123,555.551461,710.916653,0.272958,5100,201400
14,100,50,ideal_full_information,0.0,0.0,0.0,0.436334,0,0
14,100,50,leader_hungarian,531.535123,548.846285,548.846285,0.436334,100,41600
14,100,50,full_view_hungarian,531.535123,531.535123,531.535123,0.436334,100,41600
14,100,50,democracy_hungarian,531.535123,556.592343,659.332255,0.436334,5100,201400
15,100,50,ideal_full_information,0.0,0.0,0.0,0.279042,0,0
15,100,50,leader_hungarian,531.535123,549.018157,549.018157,0.279042,100,41600
15,100,50,full_view_hungarian,518.880988,518.880988,518.880988,0.279042,100,41600
15,100,50,democracy_hungarian,518.880988,543.938208,1075.4733310000001,0.279042,5100,201400
16,100,50,ideal_full_information,0.0,0.0,0.0,0.280083,0,0
16,100,50,leader_hungarian,531.535123,561.006016,561.006016,0.280083,100,41600
16,100,50,full_view_hungarian,518.880988,518.880988,518.880988,0.280083,100,41600
16,100,50,democracy_hungarian,518.880988,544.69823,1057.724485,0.280083,5100,201400
17,100,50,ideal_full_information,0.0,0.0,0.0,0.283125,0,0
17,100,50,leader_hungarian,531.535123,558.449148,558.449148,0.283125,100,41600
17,100,50,full_view_hungarian,518.880988,518.880988,518.880988,0.283125,100,41600
17,100,50,democracy_hungarian,518.880988,543.938208,1056.106822,0.283125,5100,201400
18,100,50,ideal_full_information,0.0,0.0,0.0,0.274291,0,0
18,100,50,leader_hungarian,531.535123,557.733087,557.733087,0.274291,100,41600
18,100,50,full_view_hungarian,110.208977,110.208977,110.208977,0.274291,100,41600
18,100,50,democracy_hungarian,110.208977,135.857015,649.376318,0.274291,5100,201400
19,100,50,ideal_full_information,0.0,0.0,0.0,0.271458,0,0
19,100,50,leader_hungarian,518.880988,548.29656,548.29656,0.271458,100,41600
19,100,50,full_view_hungarian,531.535123,531.535123,531.535123,0.271458,100,41600
19,100,50,democracy_hungarian,531.535123,557.183161,1081.415092,0.271458,5100,201400
20,100,50,ideal_full_information,0.0,0.0,0.0,0.309208,0,0
20,100,50,leader_hungarian,531.535123,549.018157,549.018157,0.309208,100,41600
20,100,50,full_view_hungarian,531.535123,531.535123,531.535123,0.309208,100,41600
20,100,50,democracy_hungarian,531.535123,555.551461,709.7484320000001,0.309208,5100,201400
21,100,50,ideal_full_information,0.0,0.0,0.0,0.272834,0,0
21,100,50,leader_hungarian,518.880988,573.120079,573.120079,0.272834,100,41600
21,100,50,full_view_hungarian,531.535123,531.535123,531.535123,0.272834,100,41600
21,100,50,democracy_hungarian,531.535123,555.777834,712.0677330000001,0.272834,5100,201400
22,100,50,ideal_full_information,0.0,0.0,0.0,0.2565,0,0
22,100,50,leader_hungarian,531.535123,565.894266,565.894266,0.2565,100,41600
22,100,50,full_view_hungarian,531.535123,531.535123,531.535123,0.2565,100,41600
22,100,50,democracy_hungarian,531.535123,552.935601,712.0677330000001,0.2565,5100,201400
23,100,50,ideal_full_information,0.0,0.0,0.0,0.281333,0,0
23,100,50,leader_hungarian,531.535123,559.619162,559.619162,0.281333,100,41600
23,100,50,full_view_hungarian,159.419021,159.419021,159.419021,0.281333,100,41600
23,100,50,democracy_hungarian,159.419021,185.23626299999998,289.629095,0.281333,5100,201400
24,100,50,ideal_full_information,0.0,0.0,0.0,0.410875,0,0
24,100,50,leader_hungarian,518.880988,547.272186,547.272186,0.410875,100,41600
24,100,50,full_view_hungarian,531.535123,531.535123,531.535123,0.410875,100,41600
24,100,50,democracy_hungarian,531.535123,557.183161,1076.064149,0.410875,5100,201400
25,100,50,ideal_full_information,0.0,0.0,0.0,0.27925,0,0
25,100,50,leader_hungarian,518.880988,532.953064,532.953064,0.27925,100,41600
25,100,50,full_view_hungarian,531.535123,531.535123,531.535123,0.27925,100,41600
25,100,50,democracy_hungarian,531.535123,552.648712,711.96451,0.27925,5100,201400
26,100,50,ideal_full_information,0.0,0.0,0.0,0.288166,0,0
26,100,50,leader_hungarian,531.535123,549.567398,549.567398,0.288166,100,41600
26,100,50,full_view_hungarian,518.880988,518.880988,518.880988,0.288166,100,41600
26,100,50,democracy_hungarian,518.880988,543.938208,647.8842530000001,0.288166,5100,201400
27,100,50,ideal_full_information,0.0,0.0,0.0,0.271,0,0
27,100,50,leader_hungarian,531.535123,548.246421,548.246421,0.271,100,41600
27,100,50,full_view_hungarian,531.535123,531.535123,531.535123,0.271,100,41600
27,100,50,democracy_hungarian,531.535123,555.551461,710.916653,0.271,5100,201400
28,100,50,ideal_full_information,0.0,0.0,0.0,0.420459,0,0
28,100,50,leader_hungarian,110.208977,154.584109,154.584109,0.420459,100,41600
28,100,50,full_view_hungarian,531.535123,531.535123,531.535123,0.420459,100,41600
28,100,50,democracy_hungarian,531.535123,556.592343,1081.864534,0.420459,5100,201400
29,100,50,ideal_full_information,0.0,0.0,0.0,0.323375,0,0
29,100,50,leader_hungarian,159.419021,170.28775199999998,170.28775199999998,0.323375,100,41600
29,100,50,full_view_hungarian,531.535123,531.535123,531.535123,0.323375,100,41600
29,100,50,democracy_hungarian,531.535123,557.733087,1070.37862,0.323375,5100,201400
30,100,50,ideal_full_information,0.0,0.0,0.0,0.283542,0,0
30,100,50,leader_hungarian,531.535123,549.836411,549.836411,0.283542,100,41600
30,100,50,full_view_hungarian,531.535123,531.535123,531.535123,0.283542,100,41600
30,100,50,democracy_hungarian,531.535123,556.592343,1084.183835,0.283542,5100,201400
31,100,50,ideal_full_information,0.0,0.0,0.0,0.312,0,0
31,100,50,leader_hungarian,531.535123,541.188826,541.188826,0.312,100,41600
31,100,50,full_view_hungarian,531.535123,531.535123,531.535123,0.312,100,41600
31,100,50,democracy_hungarian,531.535123,558.283541,1083.032755,0.312,5100,201400
32,100,50,ideal_full_information,0.0,0.0,0.0,0.294959,0,0
32,100,50,leader_hungarian,68.454115,77.577545,77.577545,0.294959,100,41600
32,100,50,full_view_hungarian,531.535123,531.535123,531.535123,0.294959,100,41600
32,100,50,democracy_hungarian,531.535123,555.551461,620.287665,0.294959,5100,201400
33,100,50,ideal_full_information,0.0,0.0,0.0,0.702416,0,0
33,100,50,leader_hungarian,531.535123,551.619468,551.619468,0.702416,100,41600
33,100,50,full_view_hungarian,159.419021,159.419021,159.419021,0.702416,100,41600
33,100,50,democracy_hungarian,159.419021,184.066035,339.028592,0.702416,5100,201400
34,100,50,ideal_full_information,0.0,0.0,0.0,0.477708,0,0
34,100,50,leader_hungarian,531.535123,549.696522,549.696522,0.477708,100,41600
34,100,50,full_view_hungarian,531.535123,531.535123,531.535123,0.477708,100,41600
34,100,50,democracy_hungarian,531.535123,557.183161,1080.695592,0.477708,5100,201400
35,100,50,ideal_full_information,0.0,0.0,0.0,0.286041,0,0
35,100,50,leader_hungarian,531.535123,565.894266,565.894266,0.286041,100,41600
35,100,50,full_view_hungarian,531.535123,531.535123,531.535123,0.286041,100,41600
35,100,50,democracy_hungarian,531.535123,557.733087,621.267921,0.286041,5100,201400
36,100,50,ideal_full_information,0.0,0.0,0.0,0.298084,0,0
36,100,50,leader_hungarian,531.535123,555.551461,555.551461,0.298084,100,41600
36,100,50,full_view_hungarian,531.535123,531.535123,531.535123,0.298084,100,41600
36,100,50,democracy_hungarian,531.535123,555.777834,618.290526,0.298084,5100,201400
37,100,50,ideal_full_information,0.0,0.0,0.0,0.286958,0,0
37,100,50,leader_hungarian,159.419021,174.9348,174.9348,0.286958,100,41600
37,100,50,full_view_hungarian,531.535123,531.535123,531.535123,0.286958,100,41600
37,100,50,democracy_hungarian,531.535123,556.182137,588.581198,0.286958,5100,201400
38,100,50,ideal_full_information,0.0,0.0,0.0,0.381125,0,0
38,100,50,leader_hungarian,159.419021,175.716062,175.716062,0.381125,100,41600
38,100,50,full_view_hungarian,531.535123,531.535123,531.535123,0.381125,100,41600
38,100,50,democracy_hungarian,531.535123,557.733087,616.695355,0.381125,5100,201400
39,100,50,ideal_full_information,0.0,0.0,0.0,0.30575,0,0
39,100,50,leader_hungarian,159.419021,167.426,167.426,0.30575,100,41600
39,100,50,full_view_hungarian,531.535123,531.535123,531.535123,0.30575,100,41600
39,100,50,democracy_hungarian,531.535123,556.592343,624.143956,0.30575,5100,201400
40,100,50,ideal_full_information,0.0,0.0,0.0,0.434542,0,0
40,100,50,leader_hungarian,159.419021,203.794153,203.794153,0.434542,100,41600
40,100,50,full_view_hungarian,159.419021,159.419021,159.419021,0.434542,100,41600
40,100,50,democracy_hungarian,159.419021,183.66173199999997,240.35599799999997,0.434542,5100,201400
41,100,50,ideal_full_information,0.0,0.0,0.0,0.306375,0,0
41,100,50,leader_hungarian,531.535123,568.0014,568.0014,0.306375,100,41600
41,100,50,full_view_hungarian,531.535123,531.535123,531.535123,0.306375,100,41600
41,100,50,democracy_hungarian,531.535123,557.352365,1080.6092469999999,0.306375,5100,201400
42,100,50,ideal_full_information,0.0,0.0,0.0,0.303167,0,0
42,100,50,leader_hungarian,518.880988,550.738742,550.738742,0.303167,100,41600
42,100,50,full_view_hungarian,531.535123,531.535123,531.535123,0.303167,100,41600
42,100,50,democracy_hungarian,531.535123,555.777834,1086.9276340000001,0.303167,5100,201400
43,100,50,ideal_full_information,0.0,0.0,0.0,0.297542,0,0
43,100,50,leader_hungarian,531.535123,578.383979,578.383979,0.297542,100,41600
43,100,50,full_view_hungarian,110.208977,110.208977,110.208977,0.297542,100,41600
43,100,50,democracy_hungarian,110.208977,134.451688,659.369446,0.297542,5100,201400
44,100,50,ideal_full_information,0.0,0.0,0.0,0.384416,0,0
44,100,50,leader_hungarian,531.535123,550.677745,550.677745,0.384416,100,41600
44,100,50,full_view_hungarian,531.535123,531.535123,531.535123,0.384416,100,41600
44,100,50,democracy_hungarian,531.535123,557.733087,659.283101,0.384416,5100,201400
45,100,50,ideal_full_information,0.0,0.0,0.0,0.296834,0,0
45,100,50,leader_hungarian,531.535123,568.531877,568.531877,0.296834,100,41600
45,100,50,full_view_hungarian,110.208977,110.208977,110.208977,0.296834,100,41600
45,100,50,democracy_hungarian,110.208977,136.758778,194.443188,0.296834,5100,201400
46,100,50,ideal_full_information,0.0,0.0,0.0,0.297709,0,0
46,100,50,leader_hungarian,531.535123,549.696522,549.696522,0.297709,100,41600
46,100,50,full_view_hungarian,518.880988,518.880988,518.880988,0.297709,100,41600
46,100,50,democracy_hungarian,518.880988,543.528002,600.9346549999999,0.297709,5100,201400
47,100,50,ideal_full_information,0.0,0.0,0.0,0.289417,0,0
47,100,50,leader_hungarian,531.535123,546.072898,546.072898,0.289417,100,41600
47,100,50,full_view_hungarian,531.535123,531.535123,531.535123,0.289417,100,41600
47,100,50,democracy_hungarian,531.535123,555.777834,709.4862269999999,0.289417,5100,201400
48,100,50,ideal_full_information,0.0,0.0,0.0,0.313125,0,0
48,100,50,leader_hungarian,531.535123,561.006016,561.006016,0.313125,100,41600
48,100,50,full_view_hungarian,531.535123,531.535123,531.535123,0.313125,100,41600
48,100,50,democracy_hungarian,531.535123,555.551461,1083.260796,0.313125,5100,201400
49,100,50,ideal_full_information,0.0,0.0,0.0,0.321208,0,0
49,100,50,leader_hungarian,531.535123,558.283541,558.283541,0.321208,100,41600
49,100,50,full_view_hungarian,159.419021,159.419021,159.419021,0.321208,100,41600
49,100,50,democracy_hungarian,159.419021,185.06705899999997,710.916653,0.321208,5100,201400
50,100,50,ideal_full_information,0.0,0.0,0.0,0.460292,0,0
50,100,50,leader_hungarian,159.419021,221.21337599999998,221.21337599999998,0.460292,100,41600
50,100,50,full_view_hungarian,518.880988,518.880988,518.880988,0.460292,100,41600
50,100,50,democracy_hungarian,518.880988,543.528002,698.4905590000001,0.460292,5100,201400
51,100,50,ideal_full_information,0.0,0.0,0.0,0.299292,0,0
51,100,50,leader_hungarian,531.535123,595.684989,595.684989,0.299292,100,41600
51,100,50,full_view_hungarian,531.535123,531.535123,531.535123,0.299292,100,41600
51,100,50,democracy_hungarian,531.535123,555.777834,1083.071343,0.299292,5100,201400
52,100,50,ideal_full_information,0.0,0.0,0.0,0.292334,0,0
52,100,50,leader_hungarian,518.880988,547.459431,547.459431,0.292334,100,41600
52,100,50,full_view_hungarian,531.535123,531.535123,531.535123,0.292334,100,41600
52,100,50,democracy_hungarian,531.535123,557.183161,709.7484320000001,0.292334,5100,201400
53,100,50,ideal_full_information,0.0,0.0,0.0,0.325792,0,0
53,100,50,leader_hungarian,531.535123,547.739329,547.739329,0.325792,100,41600
53,100,50,full_view_hungarian,518.880988,518.880988,518.880988,0.325792,100,41600
53,100,50,democracy_hungarian,518.880988,542.738376,699.281362,0.325792,5100,201400
54,100,50,ideal_full_information,0.0,0.0,0.0,0.299833,0,0
54,100,50,leader_hungarian,159.419021,180.81949899999998,180.81949899999998,0.299833,100,41600
54,100,50,full_view_hungarian,531.535123,531.535123,531.535123,0.299833,100,41600
54,100,50,democracy_hungarian,531.535123,556.182137,1083.071343,0.299833,5100,201400
55,100,50,ideal_full_information,0.0,0.0,0.0,0.45125,0,0
55,100,50,leader_hungarian,159.419021,169.896087,169.896087,0.45125,100,41600
55,100,50,full_view_hungarian,518.880988,518.880988,518.880988,0.45125,100,41600
55,100,50,democracy_hungarian,518.880988,544.529026,695.555433,0.45125,5100,201400
56,100,50,ideal_full_information,0.0,0.0,0.0,0.312167,0,0
56,100,50,leader_hungarian,531.535123,542.586911,542.586911,0.312167,100,41600
56,100,50,full_view_hungarian,518.880988,518.880988,518.880988,0.312167,100,41600
56,100,50,democracy_hungarian,518.880988,544.529026,696.644855,0.312167,5100,201400
57,100,50,ideal_full_information,0.0,0.0,0.0,0.295625,0,0
57,100,50,leader_hungarian,518.880988,543.938208,543.938208,0.295625,100,41600
57,100,50,full_view_hungarian,531.535123,531.535123,531.535123,0.295625,100,41600
57,100,50,democracy_hungarian,531.535123,555.777834,1070.702464,0.295625,5100,201400
58,100,50,ideal_full_information,0.0,0.0,0.0,0.28575,0,0
58,100,50,leader_hungarian,531.535123,600.286568,600.286568,0.28575,100,41600
58,100,50,full_view_hungarian,518.880988,518.880988,518.880988,0.28575,100,41600
58,100,50,democracy_hungarian,518.880988,544.529026,608.316456,0.28575,5100,201400
59,100,50,ideal_full_information,0.0,0.0,0.0,0.346708,0,0
59,100,50,leader_hungarian,518.880988,531.851641,531.851641,0.346708,100,41600
59,100,50,full_view_hungarian,531.535123,531.535123,531.535123,0.346708,100,41600
59,100,50,democracy_hungarian,531.535123,557.183161,710.916653,0.346708,5100,201400
60,100,50,ideal_full_information,0.0,0.0,0.0,0.291416,0,0
60,100,50,leader_hungarian,518.880988,546.059321,546.059321,0.291416,100,41600
60,100,50,full_view_hungarian,518.880988,518.880988,518.880988,0.291416,100,41600
60,100,50,democracy_hungarian,518.880988,545.198366,1056.106822,0.291416,5100,201400
61,100,50,ideal_full_information,0.0,0.0,0.0,0.290958,0,0
61,100,50,leader_hungarian,110.208977,126.24942200000001,126.24942200000001,0.290958,100,41600
61,100,50,full_view_hungarian,159.419021,159.419021,159.419021,0.290958,100,41600
61,100,50,democracy_hungarian,159.419021,184.066035,251.730524,0.290958,5100,201400
62,100,50,ideal_full_information,0.0,0.0,0.0,0.295083,0,0
62,100,50,leader_hungarian,518.880988,530.287516,530.287516,0.295083,100,41600
62,100,50,full_view_hungarian,159.419021,159.419021,159.419021,0.295083,100,41600
62,100,50,democracy_hungarian,159.419021,185.06705899999997,702.316347,0.295083,5100,201400
63,100,50,ideal_full_information,0.0,0.0,0.0,0.284666,0,0
63,100,50,leader_hungarian,531.535123,558.395481,558.395481,0.284666,100,41600
63,100,50,full_view_hungarian,110.208977,110.208977,110.208977,0.284666,100,41600
63,100,50,democracy_hungarian,110.208977,135.857015,197.492505,0.284666,5100,201400
64,100,50,ideal_full_information,0.0,0.0,0.0,0.284375,0,0
64,100,50,leader_hungarian,518.880988,540.281466,540.281466,0.284375,100,41600
64,100,50,full_view_hungarian,531.535123,531.535123,531.535123,0.284375,100,41600
64,100,50,democracy_hungarian,531.535123,557.352365,1070.702464,0.284375,5100,201400
65,100,50,ideal_full_information,0.0,0.0,0.0,0.298583,0,0
65,100,50,leader_hungarian,531.535123,548.661334,548.661334,0.298583,100,41600
65,100,50,full_view_hungarian,518.880988,518.880988,518.880988,0.298583,100,41600
65,100,50,democracy_hungarian,518.880988,545.078952,1070.4172079999998,0.298583,5100,201400
66,100,50,ideal_full_information,0.0,0.0,0.0,0.291792,0,0
66,100,50,leader_hungarian,531.535123,545.196768,545.196768,0.291792,100,41600
66,100,50,full_view_hungarian,531.535123,531.535123,531.535123,0.291792,100,41600
66,100,50,democracy_hungarian,531.535123,558.395481,1083.356599,0.291792,5100,201400
67,100,50,ideal_full_information,0.0,0.0,0.0,0.29275,0,0
67,100,50,leader_hungarian,518.880988,580.675343,580.675343,0.29275,100,41600
67,100,50,full_view_hungarian,531.535123,531.535123,531.535123,0.29275,100,41600
67,100,50,democracy_hungarian,531.535123,557.183161,616.798578,0.29275,5100,201400
68,100,50,ideal_full_information,0.0,0.0,0.0,0.294084,0,0
68,100,50,leader_hungarian,68.751445,88.752542,88.752542,0.294084,100,41600
68,100,50,full_view_hungarian,159.419021,159.419021,159.419021,0.294084,100,41600
68,100,50,democracy_hungarian,159.419021,184.476241,703.357229,0.294084,5100,201400
69,100,50,ideal_full_information,0.0,0.0,0.0,0.284458,0,0
69,100,50,leader_hungarian,531.535123,551.821476,551.821476,0.284458,100,41600
69,100,50,full_view_hungarian,68.751445,68.751445,68.751445,0.284458,100,41600
69,100,50,democracy_hungarian,68.751445,95.499863,155.899823,0.284458,5100,201400
70,100,50,ideal_full_information,0.0,0.0,0.0,0.319083,0,0
70,100,50,leader_hungarian,518.880988,534.042367,534.042367,0.319083,100,41600
70,100,50,full_view_hungarian,531.535123,531.535123,531.535123,0.319083,100,41600
70,100,50,democracy_hungarian,531.535123,558.395481,708.9864190000001,0.319083,5100,201400
71,100,50,ideal_full_information,0.0,0.0,0.0,0.375625,0,0
71,100,50,leader_hungarian,518.880988,548.032227,548.032227,0.375625,100,41600
71,100,50,full_view_hungarian,531.535123,531.535123,531.535123,0.375625,100,41600
71,100,50,democracy_hungarian,531.535123,557.852501,1067.955112,0.375625,5100,201400
72,100,50,ideal_full_information,0.0,0.0,0.0,0.298291,0,0
72,100,50,leader_hungarian,518.880988,533.866231,533.866231,0.298291,100,41600
72,100,50,full_view_hungarian,531.535123,531.535123,531.535123,0.298291,100,41600
72,100,50,democracy_hungarian,531.535123,556.592343,1084.080612,0.298291,5100,201400
73,100,50,ideal_full_information,0.0,0.0,0.0,0.762541,0,0
73,100,50,leader_hungarian,518.880988,528.409965,528.409965,0.762541,100,41600
73,100,50,full_view_hungarian,531.535123,531.535123,531.535123,0.762541,100,41600
73,100,50,democracy_hungarian,531.535123,552.935601,1069.5587329999998,0.762541,5100,201400
74,100,50,ideal_full_information,0.0,0.0,0.0,0.277959,0,0
74,100,50,leader_hungarian,531.535123,547.575568,547.575568,0.277959,100,41600
74,100,50,full_view_hungarian,531.535123,531.535123,531.535123,0.277959,100,41600
74,100,50,democracy_hungarian,531.535123,557.733087,661.93465,0.277959,5100,201400
75,100,50,ideal_full_information,0.0,0.0,0.0,0.466583,0,0
75,100,50,leader_hungarian,110.208977,121.462737,121.462737,0.466583,100,41600
75,100,50,full_view_hungarian,531.535123,531.535123,531.535123,0.466583,100,41600
75,100,50,democracy_hungarian,531.535123,557.352365,1070.4172079999998,0.466583,5100,201400
76,100,50,ideal_full_information,0.0,0.0,0.0,0.300292,0,0
76,100,50,leader_hungarian,531.535123,549.836411,549.836411,0.300292,100,41600
76,100,50,full_view_hungarian,531.535123,531.535123,531.535123,0.300292,100,41600
76,100,50,democracy_hungarian,531.535123,556.182137,709.7484320000001,0.300292,5100,201400
77,100,50,ideal_full_information,0.0,0.0,0.0,0.303333,0,0
77,100,50,leader_hungarian,68.454115,101.642802,101.642802,0.303333,100,41600
77,100,50,full_view_hungarian,531.535123,531.535123,531.535123,0.303333,100,41600
77,100,50,democracy_hungarian,531.535123,556.182137,619.701327,0.303333,5100,201400
78,100,50,ideal_full_information,0.0,0.0,0.0,0.291125,0,0
78,100,50,leader_hungarian,531.535123,540.28174,540.28174,0.291125,100,41600
78,100,50,full_view_hungarian,531.535123,531.535123,531.535123,0.291125,100,41600
78,100,50,democracy_hungarian,531.535123,555.777834,1070.606661,0.291125,5100,201400
79,100,50,ideal_full_information,0.0,0.0,0.0,0.289208,0,0
79,100,50,leader_hungarian,159.419021,678.300009,678.300009,0.289208,100,41600
79,100,50,full_view_hungarian,531.535123,531.535123,531.535123,0.289208,100,41600
79,100,50,democracy_hungarian,531.535123,556.182137,712.3546220000001,0.289208,5100,201400
80,100,50,ideal_full_information,0.0,0.0,0.0,0.359208,0,0
80,100,50,leader_hungarian,531.535123,547.575568,547.575568,0.359208,100,41600
80,100,50,full_view_hungarian,110.208977,110.208977,110.208977,0.359208,100,41600
80,100,50,democracy_hungarian,110.208977,134.225315,649.280515,0.359208,5100,201400
81,100,50,ideal_full_information,0.0,0.0,0.0,0.306084,0,0
81,100,50,leader_hungarian,531.535123,546.072898,546.072898,0.306084,100,41600
81,100,50,full_view_hungarian,531.535123,531.535123,531.535123,0.306084,100,41600
81,100,50,democracy_hungarian,531.535123,557.733087,621.267921,0.306084,5100,201400
82,100,50,ideal_full_information,0.0,0.0,0.0,0.292,0,0
82,100,50,leader_hungarian,531.535123,558.084924,558.084924,0.292,100,41600
82,100,50,full_view_hungarian,531.535123,531.535123,531.535123,0.292,100,41600
82,100,50,democracy_hungarian,531.535123,555.777834,662.754466,0.292,5100,201400
83,100,50,ideal_full_information,0.0,0.0,0.0,0.296875,0,0
83,100,50,leader_hungarian,531.535123,549.018157,549.018157,0.296875,100,41600
83,100,50,full_view_hungarian,518.880988,518.880988,518.880988,0.296875,100,41600
83,100,50,democracy_hungarian,518.880988,545.430789,1055.794251,0.296875,5100,201400
84,100,50,ideal_full_information,0.0,0.0,0.0,0.298083,0,0
84,100,50,leader_hungarian,531.535123,547.739329,547.739329,0.298083,100,41600
84,100,50,full_view_hungarian,159.419021,159.419021,159.419021,0.298083,100,41600
84,100,50,democracy_hungarian,159.419021,183.276409,709.115543,0.298083,5100,201400
85,100,50,ideal_full_information,0.0,0.0,0.0,0.331333,0,0
85,100,50,leader_hungarian,531.535123,551.619468,551.619468,0.331333,100,41600
85,100,50,full_view_hungarian,518.880988,518.880988,518.880988,0.331333,100,41600
85,100,50,democracy_hungarian,518.880988,544.69823,1069.5587329999998,0.331333,5100,201400
86,100,50,ideal_full_information,0.0,0.0,0.0,0.264584,0,0
86,100,50,leader_hungarian,518.880988,555.877742,555.877742,0.264584,100,41600
86,100,50,full_view_hungarian,531.535123,531.535123,531.535123,0.264584,100,41600
86,100,50,democracy_hungarian,531.535123,557.183161,613.413823,0.264584,5100,201400
87,100,50,ideal_full_information,0.0,0.0,0.0,0.405833,0,0
87,100,50,leader_hungarian,518.880988,545.741346,545.741346,0.405833,100,41600
87,100,50,full_view_hungarian,531.535123,531.535123,531.535123,0.405833,100,41600
87,100,50,democracy_hungarian,531.535123,557.352365,1084.051599,0.405833,5100,201400
88,100,50,ideal_full_information,0.0,0.0,0.0,0.286042,0,0
88,100,50,leader_hungarian,159.419021,169.37343299999998,169.37343299999998,0.286042,100,41600
88,100,50,full_view_hungarian,68.454115,68.454115,68.454115,0.286042,100,41600
88,100,50,democracy_hungarian,68.454115,93.511335,605.679949,0.286042,5100,201400
89,100,50,ideal_full_information,0.0,0.0,0.0,0.274084,0,0
89,100,50,leader_hungarian,518.880988,536.007199,536.007199,0.274084,100,41600
89,100,50,full_view_hungarian,531.535123,531.535123,531.535123,0.274084,100,41600
89,100,50,democracy_hungarian,531.535123,557.183161,1084.080612,0.274084,5100,201400
90,100,50,ideal_full_information,0.0,0.0,0.0,0.306375,0,0
90,100,50,leader_hungarian,531.535123,568.0014,568.0014,0.306375,100,41600
90,100,50,full_view_hungarian,159.419021,159.419021,159.419021,0.306375,100,41600
90,100,50,democracy_hungarian,159.419021,184.476241,291.02847599999996,0.306375,5100,201400
91,100,50,ideal_full_information,0.0,0.0,0.0,0.27325,0,0
91,100,50,leader_hungarian,531.535123,551.53622,551.53622,0.27325,100,41600
91,100,50,full_view_hungarian,531.535123,531.535123,531.535123,0.27325,100,41600
91,100,50,democracy_hungarian,531.535123,555.777834,660.045388,0.27325,5100,201400
92,100,50,ideal_full_information,0.0,0.0,0.0,0.266958,0,0
92,100,50,leader_hungarian,110.208977,127.69201100000001,127.69201100000001,0.266958,100,41600
92,100,50,full_view_hungarian,531.535123,531.535123,531.535123,0.266958,100,41600
92,100,50,democracy_hungarian,531.535123,555.551461,1081.6023289999998,0.266958,5100,201400
93,100,50,ideal_full_information,0.0,0.0,0.0,0.284541,0,0
93,100,50,leader_hungarian,531.535123,558.449148,558.449148,0.284541,100,41600
93,100,50,full_view_hungarian,518.880988,518.880988,518.880988,0.284541,100,41600
93,100,50,democracy_hungarian,518.880988,545.198366,1068.041457,0.284541,5100,201400
94,100,50,ideal_full_information,0.0,0.0,0.0,0.277292,0,0
94,100,50,leader_hungarian,159.419021,194.589137,194.589137,0.277292,100,41600
94,100,50,full_view_hungarian,159.419021,159.419021,159.419021,0.277292,100,41600
94,100,50,democracy_hungarian,159.419021,184.476241,709.2554319999999,0.277292,5100,201400
95,100,50,ideal_full_information,0.0,0.0,0.0,0.2695,0,0
95,100,50,leader_hungarian,531.535123,541.489535,541.489535,0.2695,100,41600
95,100,50,full_view_hungarian,531.535123,531.535123,531.535123,0.2695,100,41600
95,100,50,democracy_hungarian,531.535123,556.182137,1069.210399,0.2695,5100,201400
96,100,50,ideal_full_information,0.0,0.0,0.0,0.285125,0,0
96,100,50,leader_hungarian,531.535123,551.725673,551.725673,0.285125,100,41600
96,100,50,full_view_hungarian,531.535123,531.535123,531.535123,0.285125,100,41600
96,100,50,democracy_hungarian,531.535123,557.733087,710.9552409999999,0.285125,5100,201400
97,100,50,ideal_full_information,0.0,0.0,0.0,0.334709,0,0
97,100,50,leader_hungarian,531.535123,550.0672059999999,550.0672059999999,0.334709,100,41600
97,100,50,full_view_hungarian,531.535123,531.535123,531.535123,0.334709,100,41600
97,100,50,democracy_hungarian,531.535123,556.592343,708.9864190000001,0.334709,5100,201400
98,100,50,ideal_full_information,0.0,0.0,0.0,0.2835,0,0
98,100,50,leader_hungarian,531.535123,566.50618,566.50618,0.2835,100,41600
98,100,50,full_view_hungarian,518.880988,518.880988,518.880988,0.2835,100,41600
98,100,50,democracy_hungarian,518.880988,543.938208,1068.448386,0.2835,5100,201400
99,100,50,ideal_full_information,0.0,0.0,0.0,0.267,0,0
99,100,50,leader_hungarian,531.535123,542.012189,542.012189,0.267,100,41600
99,100,50,full_view_hungarian,531.535123,531.535123,531.535123,0.267,100,41600
99,100,50,democracy_hungarian,531.535123,557.352365,709.2554319999999,0.267,5100,201400
0,100,100,ideal_full_information,0.0,0.0,0.0,0.677416,0,0
0,100,100,leader_hungarian,531.535123,551.619468,551.619468,0.677416,100,81600
0,100,100,full_view_hungarian,531.535123,531.535123,531.535123,0.677416,100,81600
0,100,100,democracy_hungarian,531.535123,557.352365,1087.0865840000001,0.677416,10100,401200
1,100,100,ideal_full_information,0.0,0.0,0.0,0.763584,0,0
1,100,100,leader_hungarian,518.880988,534.798072,534.798072,0.763584,100,81600
1,100,100,full_view_hungarian,518.880988,518.880988,518.880988,0.763584,100,81600
1,100,100,democracy_hungarian,518.880988,545.629406,696.4614079999999,0.763584,10100,401200
2,100,100,ideal_full_information,0.0,0.0,0.0,0.668875,0,0
2,100,100,leader_hungarian,531.535123,560.686362,560.686362,0.668875,100,81600
2,100,100,full_view_hungarian,531.535123,531.535123,531.535123,0.668875,100,81600
2,100,100,democracy_hungarian,531.535123,557.183161,661.706609,0.668875,10100,401200
3,100,100,ideal_full_information,0.0,0.0,0.0,0.810625,0,0
3,100,100,leader_hungarian,68.751445,83.93833000000001,83.93833000000001,0.810625,100,81600
3,100,100,full_view_hungarian,68.751445,68.751445,68.751445,0.810625,100,81600
3,100,100,democracy_hungarian,68.751445,94.56868700000001,620.2490769999999,0.810625,10100,401200
4,100,100,ideal_full_information,0.0,0.0,0.0,0.884166,0,0
4,100,100,leader_hungarian,518.880988,538.02361,538.02361,0.884166,100,81600
4,100,100,full_view_hungarian,531.535123,531.535123,531.535123,0.884166,100,81600
4,100,100,democracy_hungarian,531.535123,557.183161,1080.55328,0.884166,10100,401200
5,100,100,ideal_full_information,0.0,0.0,0.0,0.948041,0,0
5,100,100,leader_hungarian,531.535123,581.238577,581.238577,0.948041,100,81600
5,100,100,full_view_hungarian,518.880988,518.880988,518.880988,0.948041,100,81600
5,100,100,democracy_hungarian,518.880988,543.528002,1071.816589,0.948041,10100,401200
6,100,100,ideal_full_information,0.0,0.0,0.0,0.772875,0,0
6,100,100,leader_hungarian,518.880988,525.145695,525.145695,0.772875,100,81600
6,100,100,full_view_hungarian,110.208977,110.208977,110.208977,0.772875,100,81600
6,100,100,democracy_hungarian,110.208977,134.451688,237.900988,0.772875,10100,401200
7,100,100,ideal_full_information,0.0,0.0,0.0,0.942208,0,0
7,100,100,leader_hungarian,531.535123,546.696502,546.696502,0.942208,100,81600
7,100,100,full_view_hungarian,531.535123,531.535123,531.535123,0.942208,100,81600
7,100,100,democracy_hungarian,531.535123,555.777834,1071.816589,0.942208,10100,401200
8,100,100,ideal_full_information,0.0,0.0,0.0,0.872625,0,0
8,100,100,leader_hungarian,518.880988,536.419989,536.419989,0.872625,100,81600
8,100,100,full_view_hungarian,531.535123,531.535123,531.535123,0.872625,100,81600
8,100,100,democracy_hungarian,531.535123,557.852501,1080.6092469999999,0.872625,10100,401200
9,100,100,ideal_full_information,0.0,0.0,0.0,0.834084,0,0
9,100,100,leader_hungarian,110.208977,145.180034,145.180034,0.834084,100,81600
9,100,100,full_view_hungarian,518.880988,518.880988,518.880988,0.834084,100,81600
9,100,100,democracy_hungarian,518.880988,544.529026,1070.500456,0.834084,10100,401200
10,100,100,ideal_full_information,0.0,0.0,0.0,0.725583,0,0
10,100,100,leader_hungarian,531.535123,547.739329,547.739329,0.725583,100,81600
10,100,100,full_view_hungarian,531.535123,531.535123,531.535123,0.725583,100,81600
10,100,100,democracy_hungarian,531.535123,558.084924,710.9552409999999,0.725583,10100,401200
11,100,100,ideal_full_information,0.0,0.0,0.0,0.866375,0,0
11,100,100,leader_hungarian,531.535123,599.989238,599.989238,0.866375,100,81600
11,100,100,full_view_hungarian,531.535123,531.535123,531.535123,0.866375,100,81600
11,100,100,democracy_hungarian,531.535123,557.733087,1084.183835,0.866375,10100,401200
12,100,100,ideal_full_information,0.0,0.0,0.0,0.862625,0,0
12,100,100,leader_hungarian,531.535123,581.238577,581.238577,0.862625,100,81600
12,100,100,full_view_hungarian,518.880988,518.880988,518.880988,0.862625,100,81600
12,100,100,democracy_hungarian,518.880988,543.938208,1071.5297,0.862625,10100,401200
13,100,100,ideal_full_information,0.0,0.0,0.0,0.780334,0,0
13,100,100,leader_hungarian,531.535123,549.123278,549.123278,0.780334,100,81600
13,100,100,full_view_hungarian,531.535123,531.535123,531.535123,0.780334,100,81600
13,100,100,democracy_hungarian,531.535123,557.183161,1074.273499,0.780334,10100,401200
14,100,100,ideal_full_information,0.0,0.0,0.0,0.816542,0,0
14,100,100,leader_hungarian,531.535123,548.846285,548.846285,0.816542,100,81600
14,100,100,full_view_hungarian,531.535123,531.535123,531.535123,0.816542,100,81600
14,100,100,democracy_hungarian,531.535123,557.733087,1084.183835,0.816542,10100,401200
15,100,100,ideal_full_information,0.0,0.0,0.0,0.690542,0,0
15,100,100,leader_hungarian,531.535123,549.018157,549.018157,0.690542,100,81600
15,100,100,full_view_hungarian,518.880988,518.880988,518.880988,0.690542,100,81600
15,100,100,democracy_hungarian,518.880988,545.198366,1075.4733310000001,0.690542,10100,401200
16,100,100,ideal_full_information,0.0,0.0,0.0,0.782625,0,0
16,100,100,leader_hungarian,531.535123,561.006016,561.006016,0.782625,100,81600
16,100,100,full_view_hungarian,518.880988,518.880988,518.880988,0.782625,100,81600
16,100,100,democracy_hungarian,518.880988,545.078952,1076.064149,0.782625,10100,401200
17,100,100,ideal_full_information,0.0,0.0,0.0,0.747416,0,0
17,100,100,leader_hungarian,531.535123,558.449148,558.449148,0.747416,100,81600
17,100,100,full_view_hungarian,518.880988,518.880988,518.880988,0.747416,100,81600
17,100,100,democracy_hungarian,518.880988,544.529026,1056.106822,0.747416,10100,401200
18,100,100,ideal_full_information,0.0,0.0,0.0,0.700667,0,0
18,100,100,leader_hungarian,531.535123,557.733087,557.733087,0.700667,100,81600
18,100,100,full_view_hungarian,110.208977,110.208977,110.208977,0.700667,100,81600
18,100,100,democracy_hungarian,110.208977,136.026219,649.376318,0.700667,10100,401200
19,100,100,ideal_full_information,0.0,0.0,0.0,0.791042,0,0
19,100,100,leader_hungarian,518.880988,548.29656,548.29656,0.791042,100,81600
19,100,100,full_view_hungarian,531.535123,531.535123,531.535123,0.791042,100,81600
19,100,100,democracy_hungarian,531.535123,555.777834,1070.606661,0.791042,10100,401200
20,100,100,ideal_full_information,0.0,0.0,0.0,0.773875,0,0
20,100,100,leader_hungarian,531.535123,549.018157,549.018157,0.773875,100,81600
20,100,100,full_view_hungarian,531.535123,531.535123,531.535123,0.773875,100,81600
20,100,100,democracy_hungarian,531.535123,555.777834,1066.713152,0.773875,10100,401200
21,100,100,ideal_full_information,0.0,0.0,0.0,0.703083,0,0
21,100,100,leader_hungarian,518.880988,573.120079,573.120079,0.703083,100,81600
21,100,100,full_view_hungarian,531.535123,531.535123,531.535123,0.703083,100,81600
21,100,100,democracy_hungarian,531.535123,557.352365,1087.312957,0.703083,10100,401200
22,100,100,ideal_full_information,0.0,0.0,0.0,0.694958,0,0
22,100,100,leader_hungarian,531.535123,565.894266,565.894266,0.694958,100,81600
22,100,100,full_view_hungarian,531.535123,531.535123,531.535123,0.694958,100,81600
22,100,100,democracy_hungarian,531.535123,557.183161,1083.071343,0.694958,10100,401200
23,100,100,ideal_full_information,0.0,0.0,0.0,0.728458,0,0
23,100,100,leader_hungarian,531.535123,559.619162,559.619162,0.728458,100,81600
23,100,100,full_view_hungarian,159.419021,159.419021,159.419021,0.728458,100,81600
23,100,100,democracy_hungarian,159.419021,185.968822,711.144694,0.728458,10100,401200
24,100,100,ideal_full_information,0.0,0.0,0.0,0.733334,0,0
24,100,100,leader_hungarian,518.880988,547.272186,547.272186,0.733334,100,81600
24,100,100,full_view_hungarian,531.535123,531.535123,531.535123,0.733334,100,81600
24,100,100,democracy_hungarian,531.535123,558.283541,1069.210399,0.733334,10100,401200
25,100,100,ideal_full_information,0.0,0.0,0.0,0.739167,0,0
25,100,100,leader_hungarian,518.880988,532.953064,532.953064,0.739167,100,81600
25,100,100,full_view_hungarian,531.535123,531.535123,531.535123,0.739167,100,81600
25,100,100,democracy_hungarian,531.535123,557.733087,1083.356599,0.739167,10100,401200
26,100,100,ideal_full_information,0.0,0.0,0.0,0.686167,0,0
26,100,100,leader_hungarian,531.535123,549.567398,549.567398,0.686167,100,81600
26,100,100,full_view_hungarian,518.880988,518.880988,518.880988,0.686167,100,81600
26,100,100,democracy_hungarian,518.880988,543.938208,649.17431,0.686167,10100,401200
27,100,100,ideal_full_information,0.0,0.0,0.0,0.71275,0,0
27,100,100,leader_hungarian,531.535123,548.246421,548.246421,0.71275,100,81600
27,100,100,full_view_hungarian,531.535123,531.535123,531.535123,0.71275,100,81600
27,100,100,democracy_hungarian,531.535123,555.777834,1083.032755,0.71275,10100,401200
28,100,100,ideal_full_information,0.0,0.0,0.0,0.737625,0,0
28,100,100,leader_hungarian,110.208977,154.584109,154.584109,0.737625,100,81600
28,100,100,full_view_hungarian,531.535123,531.535123,531.535123,0.737625,100,81600
28,100,100,democracy_hungarian,531.535123,557.733087,1081.6023289999998,0.737625,10100,401200
29,100,100,ideal_full_information,0.0,0.0,0.0,0.697542,0,0
29,100,100,leader_hungarian,159.419021,170.28775199999998,170.28775199999998,0.697542,100,81600
29,100,100,full_view_hungarian,531.535123,531.535123,531.535123,0.697542,100,81600
29,100,100,democracy_hungarian,531.535123,557.733087,1082.212868,0.697542,10100,401200
30,100,100,ideal_full_information,0.0,0.0,0.0,0.688959,0,0
30,100,100,leader_hungarian,531.535123,549.836411,549.836411,0.688959,100,81600
30,100,100,full_view_hungarian,531.535123,531.535123,531.535123,0.688959,100,81600
30,100,100,democracy_hungarian,531.535123,557.852501,1084.183835,0.688959,10100,401200
31,100,100,ideal_full_information,0.0,0.0,0.0,0.73075,0,0
31,100,100,leader_hungarian,531.535123,541.188826,541.188826,0.73075,100,81600
31,100,100,full_view_hungarian,531.535123,531.535123,531.535123,0.73075,100,81600
31,100,100,democracy_hungarian,531.535123,558.084924,1084.080612,0.73075,10100,401200
32,100,100,ideal_full_information,0.0,0.0,0.0,0.637208,0,0
32,100,100,leader_hungarian,68.454115,77.577545,77.577545,0.637208,100,81600
32,100,100,full_view_hungarian,531.535123,531.535123,531.535123,0.637208,100,81600
32,100,100,democracy_hungarian,531.535123,555.551461,1071.5297,0.637208,10100,401200
33,100,100,ideal_full_information,0.0,0.0,0.0,0.720542,0,0
33,100,100,leader_hungarian,531.535123,551.619468,551.619468,0.720542,100,81600
33,100,100,full_view_hungarian,159.419021,159.419021,159.419021,0.720542,100,81600
33,100,100,democracy_hungarian,159.419021,186.597354,698.384354,0.720542,10100,401200
34,100,100,ideal_full_information,0.0,0.0,0.0,0.858334,0,0
34,100,100,leader_hungarian,531.535123,549.696522,549.696522,0.858334,100,81600
34,100,100,full_view_hungarian,531.535123,531.535123,531.535123,0.858334,100,81600
34,100,100,democracy_hungarian,531.535123,556.592343,1081.6023289999998,0.858334,10100,401200
35,100,100,ideal_full_information,0.0,0.0,0.0,0.776792,0,0
35,100,100,leader_hungarian,531.535123,565.894266,565.894266,0.776792,100,81600
35,100,100,full_view_hungarian,531.535123,531.535123,531.535123,0.776792,100,81600
35,100,100,democracy_hungarian,531.535123,558.283541,1083.032755,0.776792,10100,401200
36,100,100,ideal_full_information,0.0,0.0,0.0,0.70925,0,0
36,100,100,leader_hungarian,531.535123,555.551461,555.551461,0.70925,100,81600
36,100,100,full_view_hungarian,531.535123,531.535123,531.535123,0.70925,100,81600
36,100,100,democracy_hungarian,531.535123,557.733087,1071.5297,0.70925,10100,401200
37,100,100,ideal_full_information,0.0,0.0,0.0,0.699917,0,0
37,100,100,leader_hungarian,159.419021,174.9348,174.9348,0.699917,100,81600
37,100,100,full_view_hungarian,531.535123,531.535123,531.535123,0.699917,100,81600
37,100,100,democracy_hungarian,531.535123,555.777834,1083.032755,0.699917,10100,401200
38,100,100,ideal_full_information,0.0,0.0,0.0,0.854167,0,0
38,100,100,leader_hungarian,159.419021,175.716062,175.716062,0.854167,100,81600
38,100,100,full_view_hungarian,531.535123,531.535123,531.535123,0.854167,100,81600
38,100,100,democracy_hungarian,531.535123,557.733087,1069.5587329999998,0.854167,10100,401200
39,100,100,ideal_full_information,0.0,0.0,0.0,0.694875,0,0
39,100,100,leader_hungarian,159.419021,167.426,167.426,0.694875,100,81600
39,100,100,full_view_hungarian,531.535123,531.535123,531.535123,0.694875,100,81600
39,100,100,democracy_hungarian,531.535123,557.183161,1084.051599,0.694875,10100,401200
40,100,100,ideal_full_information,0.0,0.0,0.0,0.671625,0,0
40,100,100,leader_hungarian,159.419021,203.794153,203.794153,0.671625,100,81600
40,100,100,full_view_hungarian,159.419021,159.419021,159.419021,0.671625,100,81600
40,100,100,democracy_hungarian,159.419021,184.066035,710.916653,0.671625,10100,401200
41,100,100,ideal_full_information,0.0,0.0,0.0,0.87,0,0
41,100,100,leader_hungarian,531.535123,568.0014,568.0014,0.87,100,81600
41,100,100,full_view_hungarian,531.535123,531.535123,531.535123,0.87,100,81600
41,100,100,democracy_hungarian,531.535123,557.352365,1084.080612,0.87,10100,401200
42,100,100,ideal_full_information,0.0,0.0,0.0,0.723167,0,0
42,100,100,leader_hungarian,518.880988,550.738742,550.738742,0.723167,100,81600
42,100,100,full_view_hungarian,531.535123,531.535123,531.535123,0.723167,100,81600
42,100,100,democracy_hungarian,531.535123,557.733087,618.631414,0.723167,10100,401200
43,100,100,ideal_full_information,0.0,0.0,0.0,0.688458,0,0
43,100,100,leader_hungarian,531.535123,578.383979,578.383979,0.688458,100,81600
43,100,100,full_view_hungarian,110.208977,110.208977,110.208977,0.688458,100,81600
43,100,100,democracy_hungarian,110.208977,136.026219,661.7066090000001,0.688458,10100,401200
44,100,100,ideal_full_information,0.0,0.0,0.0,0.698667,0,0
44,100,100,leader_hungarian,531.535123,550.677745,550.677745,0.698667,100,81600
44,100,100,full_view_hungarian,531.535123,531.535123,531.535123,0.698667,100,81600
44,100,100,democracy_hungarian,531.535123,557.352365,1086.9276340000001,0.698667,10100,401200
45,100,100,ideal_full_information,0.0,0.0,0.0,0.717875,0,0
45,100,100,leader_hungarian,531.535123,568.531877,568.531877,0.717875,100,81600
45,100,100,full_view_hungarian,110.208977,110.208977,110.208977,0.717875,100,81600
45,100,100,democracy_hungarian,110.208977,136.758778,289.81854799999996,0.717875,10100,401200
46,100,100,ideal_full_information,0.0,0.0,0.0,0.801333,0,0
46,100,100,leader_hungarian,531.535123,549.696522,549.696522,0.801333,100,81600
46,100,100,full_view_hungarian,518.880988,518.880988,518.880988,0.801333,100,81600
46,100,100,democracy_hungarian,518.880988,544.529026,1069.210399,0.801333,10100,401200
47,100,100,ideal_full_information,0.0,0.0,0.0,0.689041,0,0
47,100,100,leader_hungarian,531.535123,546.072898,546.072898,0.689041,100,81600
47,100,100,full_view_hungarian,531.535123,531.535123,531.535123,0.689041,100,81600
47,100,100,democracy_hungarian,531.535123,558.283541,1080.695592,0.689041,10100,401200
48,100,100,ideal_full_information,0.0,0.0,0.0,0.85025,0,0
48,100,100,leader_hungarian,531.535123,561.006016,561.006016,0.85025,100,81600
48,100,100,full_view_hungarian,531.535123,531.535123,531.535123,0.85025,100,81600
48,100,100,democracy_hungarian,531.535123,557.183161,1081.2316449999998,0.85025,10100,401200
49,100,100,ideal_full_information,0.0,0.0,0.0,0.653708,0,0
49,100,100,leader_hungarian,531.535123,558.283541,558.283541,0.653708,100,81600
49,100,100,full_view_hungarian,159.419021,159.419021,159.419021,0.653708,100,81600
49,100,100,democracy_hungarian,159.419021,185.616985,710.916653,0.653708,10100,401200
50,100,100,ideal_full_information,0.0,0.0,0.0,0.698792,0,0
50,100,100,leader_hungarian,159.419021,221.21337599999998,221.21337599999998,0.698792,100,81600
50,100,100,full_view_hungarian,518.880988,518.880988,518.880988,0.698792,100,81600
50,100,100,democracy_hungarian,518.880988,545.198366,702.157397,0.698792,10100,401200
51,100,100,ideal_full_information,0.0,0.0,0.0,0.833792,0,0
51,100,100,leader_hungarian,531.535123,595.684989,595.684989,0.833792,100,81600
51,100,100,full_view_hungarian,531.535123,531.535123,531.535123,0.833792,100,81600
51,100,100,democracy_hungarian,531.535123,555.777834,1083.071343,0.833792,10100,401200
52,100,100,ideal_full_information,0.0,0.0,0.0,0.67,0,0
52,100,100,leader_hungarian,518.880988,547.459431,547.459431,0.67,100,81600
52,100,100,full_view_hungarian,531.535123,531.535123,531.535123,0.67,100,81600
52,100,100,democracy_hungarian,531.535123,556.592343,1081.864534,0.67,10100,401200
53,100,100,ideal_full_information,0.0,0.0,0.0,0.780083,0,0
53,100,100,leader_hungarian,531.535123,547.739329,547.739329,0.780083,100,81600
53,100,100,full_view_hungarian,518.880988,518.880988,518.880988,0.780083,100,81600
53,100,100,democracy_hungarian,518.880988,545.629406,699.281362,0.780083,10100,401200
54,100,100,ideal_full_information,0.0,0.0,0.0,0.752042,0,0
54,100,100,leader_hungarian,159.419021,180.81949899999998,180.81949899999998,0.752042,100,81600
54,100,100,full_view_hungarian,531.535123,531.535123,531.535123,0.752042,100,81600
54,100,100,democracy_hungarian,531.535123,555.777834,711.1446940000001,0.752042,10100,401200
55,100,100,ideal_full_information,0.0,0.0,0.0,0.790333,0,0
55,100,100,leader_hungarian,159.419021,169.896087,169.896087,0.790333,100,81600
55,100,100,full_view_hungarian,518.880988,518.880988,518.880988,0.790333,100,81600
55,100,100,democracy_hungarian,518.880988,544.529026,1070.4172079999998,0.790333,10100,401200
56,100,100,ideal_full_information,0.0,0.0,0.0,0.773,0,0
56,100,100,leader_hungarian,531.535123,542.586911,542.586911,0.773,100,81600
56,100,100,full_view_hungarian,518.880988,518.880988,518.880988,0.773,100,81600
56,100,100,democracy_hungarian,518.880988,545.198366,1058.772342,0.773,10100,401200
57,100,100,ideal_full_information,0.0,0.0,0.0,0.707041,0,0
57,100,100,leader_hungarian,518.880988,543.938208,543.938208,0.707041,100,81600
57,100,100,full_view_hungarian,531.535123,531.535123,531.535123,0.707041,100,81600
57,100,100,democracy_hungarian,531.535123,557.183161,1070.702464,0.707041,10100,401200
58,100,100,ideal_full_information,0.0,0.0,0.0,0.726125,0,0
58,100,100,leader_hungarian,531.535123,600.286568,600.286568,0.726125,100,81600
58,100,100,full_view_hungarian,518.880988,518.880988,518.880988,0.726125,100,81600
58,100,100,democracy_hungarian,518.880988,545.430789,1068.7173990000001,0.726125,10100,401200
59,100,100,ideal_full_information,0.0,0.0,0.0,0.713458,0,0
59,100,100,leader_hungarian,518.880988,531.851641,531.851641,0.713458,100,81600
59,100,100,full_view_hungarian,531.535123,531.535123,531.535123,0.713458,100,81600
59,100,100,democracy_hungarian,531.535123,557.183161,711.9354969999999,0.713458,10100,401200
60,100,100,ideal_full_information,0.0,0.0,0.0,0.8085,0,0
60,100,100,leader_hungarian,518.880988,546.059321,546.059321,0.8085,100,81600
60,100,100,full_view_hungarian,518.880988,518.880988,518.880988,0.8085,100,81600
60,100,100,democracy_hungarian,518.880988,542.738376,1071.5297,0.8085,10100,401200
61,100,100,ideal_full_information,0.0,0.0,0.0,0.720625,0,0
61,100,100,leader_hungarian,110.208977,126.24942200000001,126.24942200000001,0.720625,100,81600
61,100,100,full_view_hungarian,159.419021,159.419021,159.419021,0.720625,100,81600
61,100,100,democracy_hungarian,159.419021,185.06705899999997,712.354622,0.720625,10100,401200
62,100,100,ideal_full_information,0.0,0.0,0.0,0.816584,0,0
62,100,100,leader_hungarian,518.880988,530.287516,530.287516,0.816584,100,81600
62,100,100,full_view_hungarian,159.419021,159.419021,159.419021,0.816584,100,81600
62,100,100,democracy_hungarian,159.419021,185.616985,708.986419,0.816584,10100,401200
63,100,100,ideal_full_information,0.0,0.0,0.0,0.743667,0,0
63,100,100,leader_hungarian,531.535123,558.395481,558.395481,0.743667,100,81600
63,100,100,full_view_hungarian,110.208977,110.208977,110.208977,0.743667,100,81600
63,100,100,democracy_hungarian,110.208977,135.857015,238.579353,0.743667,10100,401200
64,100,100,ideal_full_information,0.0,0.0,0.0,0.766791,0,0
64,100,100,leader_hungarian,518.880988,540.281466,540.281466,0.766791,100,81600
64,100,100,full_view_hungarian,531.535123,531.535123,531.535123,0.766791,100,81600
64,100,100,democracy_hungarian,531.535123,556.592343,1070.702464,0.766791,10100,401200
65,100,100,ideal_full_information,0.0,0.0,0.0,0.763375,0,0
65,100,100,leader_hungarian,531.535123,548.661334,548.661334,0.763375,100,81600
65,100,100,full_view_hungarian,518.880988,518.880988,518.880988,0.763375,100,81600
65,100,100,democracy_hungarian,518.880988,545.198366,1063.5792179999999,0.763375,10100,401200
66,100,100,ideal_full_information,0.0,0.0,0.0,0.654583,0,0
66,100,100,leader_hungarian,531.535123,545.196768,545.196768,0.654583,100,81600
66,100,100,full_view_hungarian,531.535123,531.535123,531.535123,0.654583,100,81600
66,100,100,democracy_hungarian,531.535123,557.852501,1083.356599,0.654583,10100,401200
67,100,100,ideal_full_information,0.0,0.0,0.0,0.71925,0,0
67,100,100,leader_hungarian,518.880988,580.675343,580.675343,0.71925,100,81600
67,100,100,full_view_hungarian,531.535123,531.535123,531.535123,0.71925,100,81600
67,100,100,democracy_hungarian,531.535123,556.592343,660.886722,0.71925,10100,401200
68,100,100,ideal_full_information,0.0,0.0,0.0,0.758708,0,0
68,100,100,leader_hungarian,68.751445,88.752542,88.752542,0.758708,100,81600
68,100,100,full_view_hungarian,159.419021,159.419021,159.419021,0.758708,100,81600
68,100,100,democracy_hungarian,159.419021,184.476241,703.357229,0.758708,10100,401200
69,100,100,ideal_full_information,0.0,0.0,0.0,0.654292,0,0
69,100,100,leader_hungarian,531.535123,551.821476,551.821476,0.654292,100,81600
69,100,100,full_view_hungarian,68.751445,68.751445,68.751445,0.654292,100,81600
69,100,100,democracy_hungarian,68.751445,95.499863,252.186804,0.654292,10100,401200
70,100,100,ideal_full_information,0.0,0.0,0.0,0.783459,0,0
70,100,100,leader_hungarian,518.880988,534.042367,534.042367,0.783459,100,81600
70,100,100,full_view_hungarian,531.535123,531.535123,531.535123,0.783459,100,81600
70,100,100,democracy_hungarian,531.535123,558.395481,1069.5587329999998,0.783459,10100,401200
71,100,100,ideal_full_information,0.0,0.0,0.0,0.816792,0,0
71,100,100,leader_hungarian,518.880988,548.032227,548.032227,0.816792,100,81600
71,100,100,full_view_hungarian,531.535123,531.535123,531.535123,0.816792,100,81600
71,100,100,democracy_hungarian,531.535123,557.733087,1068.7173990000001,0.816792,10100,401200
72,100,100,ideal_full_information,0.0,0.0,0.0,0.837375,0,0
72,100,100,leader_hungarian,518.880988,533.866231,533.866231,0.837375,100,81600
72,100,100,full_view_hungarian,531.535123,531.535123,531.535123,0.837375,100,81600
72,100,100,democracy_hungarian,531.535123,557.183161,1084.080612,0.837375,10100,401200
73,100,100,ideal_full_information,0.0,0.0,0.0,0.8135,0,0
73,100,100,leader_hungarian,518.880988,528.409965,528.409965,0.8135,100,81600
73,100,100,full_view_hungarian,531.535123,531.535123,531.535123,0.8135,100,81600
73,100,100,democracy_hungarian,531.535123,555.551461,712.3546220000001,0.8135,10100,401200
74,100,100,ideal_full_information,0.0,0.0,0.0,0.810166,0,0
74,100,100,leader_hungarian,531.535123,547.575568,547.575568,0.810166,100,81600
74,100,100,full_view_hungarian,531.535123,531.535123,531.535123,0.810166,100,81600
74,100,100,democracy_hungarian,531.535123,558.395481,1069.5587329999998,0.810166,10100,401200
75,100,100,ideal_full_information,0.0,0.0,0.0,0.617458,0,0
75,100,100,leader_hungarian,110.208977,121.462737,121.462737,0.617458,100,81600
75,100,100,full_view_hungarian,531.535123,531.535123,531.535123,0.617458,100,81600
75,100,100,democracy_hungarian,531.535123,558.084924,1070.4172079999998,0.617458,10100,401200
76,100,100,ideal_full_information,0.0,0.0,0.0,0.797709,0,0
76,100,100,leader_hungarian,531.535123,549.836411,549.836411,0.797709,100,81600
76,100,100,full_view_hungarian,531.535123,531.535123,531.535123,0.797709,100,81600
76,100,100,democracy_hungarian,531.535123,557.352365,1083.260796,0.797709,10100,401200
77,100,100,ideal_full_information,0.0,0.0,0.0,0.760625,0,0
77,100,100,leader_hungarian,68.454115,101.642802,101.642802,0.760625,100,81600
77,100,100,full_view_hungarian,531.535123,531.535123,531.535123,0.760625,100,81600
77,100,100,democracy_hungarian,531.535123,558.084924,1084.470724,0.760625,10100,401200
78,100,100,ideal_full_information,0.0,0.0,0.0,0.790667,0,0
78,100,100,leader_hungarian,531.535123,540.28174,540.28174,0.790667,100,81600
78,100,100,full_view_hungarian,531.535123,531.535123,531.535123,0.790667,100,81600
78,100,100,democracy_hungarian,531.535123,556.182137,1070.606661,0.790667,10100,401200
79,100,100,ideal_full_information,0.0,0.0,0.0,0.654708,0,0
79,100,100,leader_hungarian,159.419021,678.300009,678.300009,0.654708,100,81600
79,100,100,full_view_hungarian,531.535123,531.535123,531.535123,0.654708,100,81600
79,100,100,democracy_hungarian,531.535123,557.183161,1087.0865840000001,0.654708,10100,401200
80,100,100,ideal_full_information,0.0,0.0,0.0,0.767167,0,0
80,100,100,leader_hungarian,531.535123,547.575568,547.575568,0.767167,100,81600
80,100,100,full_view_hungarian,110.208977,110.208977,110.208977,0.767167,100,81600
80,100,100,democracy_hungarian,110.208977,135.857015,293.64433599999995,0.767167,10100,401200
81,100,100,ideal_full_information,0.0,0.0,0.0,0.791541,0,0
81,100,100,leader_hungarian,531.535123,546.072898,546.072898,0.791541,100,81600
81,100,100,full_view_hungarian,531.535123,531.535123,531.535123,0.791541,100,81600
81,100,100,democracy_hungarian,531.535123,557.852501,1081.415092,0.791541,10100,401200
82,100,100,ideal_full_information,0.0,0.0,0.0,0.692625,0,0
82,100,100,leader_hungarian,531.535123,558.084924,558.084924,0.692625,100,81600
82,100,100,full_view_hungarian,531.535123,531.535123,531.535123,0.692625,100,81600
82,100,100,democracy_hungarian,531.535123,557.352365,620.073583,0.692625,10100,401200
83,100,100,ideal_full_information,0.0,0.0,0.0,0.686625,0,0
83,100,100,leader_hungarian,531.535123,549.018157,549.018157,0.686625,100,81600
83,100,100,full_view_hungarian,518.880988,518.880988,518.880988,0.686625,100,81600
83,100,100,democracy_hungarian,518.880988,545.430789,1055.794251,0.686625,10100,401200
84,100,100,ideal_full_information,0.0,0.0,0.0,0.704458,0,0
84,100,100,leader_hungarian,531.535123,547.739329,547.739329,0.704458,100,81600
84,100,100,full_view_hungarian,159.419021,159.419021,159.419021,0.704458,100,81600
84,100,100,democracy_hungarian,159.419021,184.476241,709.115543,0.704458,10100,401200
85,100,100,ideal_full_information,0.0,0.0,0.0,0.676792,0,0
85,100,100,leader_hungarian,531.535123,551.619468,551.619468,0.676792,100,81600
85,100,100,full_view_hungarian,518.880988,518.880988,518.880988,0.676792,100,81600
85,100,100,democracy_hungarian,518.880988,544.69823,1070.37862,0.676792,10100,401200
86,100,100,ideal_full_information,0.0,0.0,0.0,0.723667,0,0
86,100,100,leader_hungarian,518.880988,555.877742,555.877742,0.723667,100,81600
86,100,100,full_view_hungarian,531.535123,531.535123,531.535123,0.723667,100,81600
86,100,100,democracy_hungarian,531.535123,557.183161,1068.948194,0.723667,10100,401200
87,100,100,ideal_full_information,0.0,0.0,0.0,0.804959,0,0
87,100,100,leader_hungarian,518.880988,545.741346,545.741346,0.804959,100,81600
87,100,100,full_view_hungarian,531.535123,531.535123,531.535123,0.804959,100,81600
87,100,100,democracy_hungarian,531.535123,556.592343,1084.080612,0.804959,10100,401200
88,100,100,ideal_full_information,0.0,0.0,0.0,0.773625,0,0
88,100,100,leader_hungarian,159.419021,169.37343299999998,169.37343299999998,0.773625,100,81600
88,100,100,full_view_hungarian,68.454115,68.454115,68.454115,0.773625,100,81600
88,100,100,democracy_hungarian,68.454115,94.271357,620.970591,0.773625,10100,401200
89,100,100,ideal_full_information,0.0,0.0,0.0,0.677083,0,0
89,100,100,leader_hungarian,518.880988,536.007199,536.007199,0.677083,100,81600
89,100,100,full_view_hungarian,531.535123,531.535123,531.535123,0.677083,100,81600
89,100,100,democracy_hungarian,531.535123,557.733087,1084.051599,0.677083,10100,401200
90,100,100,ideal_full_information,0.0,0.0,0.0,0.952209,0,0
90,100,100,leader_hungarian,531.535123,568.0014,568.0014,0.952209,100,81600
90,100,100,full_view_hungarian,159.419021,159.419021,159.419021,0.952209,100,81600
90,100,100,democracy_hungarian,159.419021,184.066035,711.038489,0.952209,10100,401200
91,100,100,ideal_full_information,0.0,0.0,0.0,0.720625,0,0
91,100,100,leader_hungarian,531.535123,551.53622,551.53622,0.720625,100,81600
91,100,100,full_view_hungarian,531.535123,531.535123,531.535123,0.720625,100,81600
91,100,100,democracy_hungarian,531.535123,556.182137,1070.702464,0.720625,10100,401200
92,100,100,ideal_full_information,0.0,0.0,0.0,0.686125,0,0
92,100,100,leader_hungarian,110.208977,127.69201100000001,127.69201100000001,0.686125,100,81600
92,100,100,full_view_hungarian,531.535123,531.535123,531.535123,0.686125,100,81600
92,100,100,democracy_hungarian,531.535123,556.592343,1081.6023289999998,0.686125,10100,401200
93,100,100,ideal_full_information,0.0,0.0,0.0,0.709333,0,0
93,100,100,leader_hungarian,531.535123,558.449148,558.449148,0.709333,100,81600
93,100,100,full_view_hungarian,518.880988,518.880988,518.880988,0.709333,100,81600
93,100,100,democracy_hungarian,518.880988,545.198366,653.106303,0.709333,10100,401200
94,100,100,ideal_full_information,0.0,0.0,0.0,0.727833,0,0
94,100,100,leader_hungarian,159.419021,194.589137,194.589137,0.727833,100,81600
94,100,100,full_view_hungarian,159.419021,159.419021,159.419021,0.727833,100,81600
94,100,100,democracy_hungarian,159.419021,185.06705899999997,710.916653,0.727833,10100,401200
95,100,100,ideal_full_information,0.0,0.0,0.0,0.719,0,0
95,100,100,leader_hungarian,531.535123,541.489535,541.489535,0.719,100,81600
95,100,100,full_view_hungarian,531.535123,531.535123,531.535123,0.719,100,81600
95,100,100,democracy_hungarian,531.535123,556.592343,1080.695592,0.719,10100,401200
96,100,100,ideal_full_information,0.0,0.0,0.0,0.70675,0,0
96,100,100,leader_hungarian,531.535123,551.725673,551.725673,0.70675,100,81600
96,100,100,full_view_hungarian,531.535123,531.535123,531.535123,0.70675,100,81600
96,100,100,democracy_hungarian,531.535123,555.777834,710.9552409999999,0.70675,10100,401200
97,100,100,ideal_full_information,0.0,0.0,0.0,0.729583,0,0
97,100,100,leader_hungarian,531.535123,550.0672059999999,550.0672059999999,0.729583,100,81600
97,100,100,full_view_hungarian,531.535123,531.535123,531.535123,0.729583,100,81600
97,100,100,democracy_hungarian,531.535123,557.733087,710.0967659999999,0.729583,10100,401200
98,100,100,ideal_full_information,0.0,0.0,0.0,0.799,0,0
98,100,100,leader_hungarian,531.535123,566.50618,566.50618,0.799,100,81600
98,100,100,full_view_hungarian,518.880988,518.880988,518.880988,0.799,100,81600
98,100,100,democracy_hungarian,518.880988,545.430789,1068.448386,0.799,10100,401200
99,100,100,ideal_full_information,0.0,0.0,0.0,0.744125,0,0
99,100,100,leader_hungarian,531.535123,542.012189,542.012189,0.744125,100,81600
99,100,100,full_view_hungarian,531.535123,531.535123,531.535123,0.744125,100,81600
99,100,100,democracy_hungarian,531.535123,557.352365,711.9354969999999,0.744125,10100,401200
